name,span,matches,innings,not_out,runs,highest_score,average,century,half_century,ducks,country
SR Tendulkar,1990-2013,196,323,33,15706,248,54.15,51,66,14,IND
RT Ponting,1995-2012,168,287,29,13378,257,51.85,41,62,17,AUS
JH Kallis,1995-2013,166,280,40,13289,224,55.37,45,58,16,SA
R Dravid,1996-2012,164,286,32,13288,270,52.31,36,63,8,IND
AN Cook,2006-2018,161,291,16,12472,294,45.35,33,57,9,ENG
KC Sangakkara,2000-2015,134,233,17,12400,319,57.4,38,52,11,SL
BC Lara,1990-2006,131,232,6,11953,400,52.88,34,48,17,WI
S Chanderpaul,1994-2015,164,280,49,11867,203,51.37,30,66,15,WI
DPMD Jayawardene,1997-2014,149,252,15,11814,374,49.84,34,50,15,SL
JE Root,2012-2024,140,257,21,11736,254,49.72,31,61,12,ENG
Younis Khan,2000-2017,118,213,19,10099,313,52.05,34,33,19,PAK
SPD Smith,2010-2024,109,195,25,9685,239,56.97,32,41,10,AUS
HM Amla,2004-2019,124,215,16,9282,311,46.64,28,41,13,SA
GC Smith,2002-2014,117,205,13,9265,277,48.25,27,38,11,SA
SR Waugh,1990-2004,133,206,36,9038,200,53.16,29,37,16,AUS
V Kohli,2011-2024,113,191,11,8848,254,49.15,29,30,14,IND
Inzamam-ul-Haq,1992-2007,120,200,22,8830,329,49.6,25,46,15,PAK
DA Warner,2011-2024,112,205,8,8786,335,44.59,26,37,13,AUS
VVS Laxman,1996-2012,134,225,34,8781,281,45.97,17,56,14,IND
AB de Villiers,2004-2018,114,191,18,8765,278,50.66,22,46,8,SA
KS Williamson,2010-2024,100,176,17,8743,251,54.98,32,34,11,NZ
MJ Clarke,2004-2015,115,198,22,8643,329,49.1,28,27,9,AUS
ML Hayden,1994-2009,103,184,14,8625,380,50.73,30,29,14,AUS
V Sehwag,2001-2013,104,180,6,8586,319,49.34,23,32,16,IND
AJ Stewart,1990-2003,133,235,21,8463,190,39.54,15,45,14,ENG
KP Pietersen,2005-2014,104,181,8,8181,227,47.28,23,35,10,ENG
ME Waugh,1991-2002,128,209,17,8029,153,41.81,20,47,19,AUS
IR Bell,2004-2015,118,205,24,7727,235,42.69,22,46,14,ENG
JL Langer,1993-2007,105,182,12,7696,250,45.27,23,30,11,AUS
LRPL Taylor,2007-2022,112,196,24,7683,290,44.66,19,35,14,NZ
MA Atherton,1990-2001,113,208,7,7655,185,38.08,16,46,19,ENG
AD Mathews,2009-2024,109,193,26,7608,200,45.55,16,41,5,SL
Mohammad Yousuf,1998-2010,90,156,12,7530,223,52.29,24,33,11,PAK
G Kirsten,1993-2004,101,176,15,7289,275,45.27,21,34,13,SA
CH Gayle,2000-2014,103,182,11,7214,333,42.18,15,37,15,WI
SC Ganguly,1996-2008,113,188,17,7212,239,42.17,16,35,13,IND
CA Pujara,2010-2023,103,176,11,7195,206,43.6,19,35,12,IND
SP Fleming,1994-2008,111,189,10,7172,274,40.06,9,46,16,NZ
Azhar Ali,2010-2022,97,180,11,7142,302,42.26,19,35,19,PAK
AJ Strauss,2004-2012,100,178,6,7037,177,40.91,21,27,15,ENG
ST Jayasuriya,1991-2007,110,188,14,6973,340,40.07,14,31,15,SL
FDM Karunaratne,2012-2024,91,174,7,6899,244,41.31,16,37,12,SL
GP Thorpe,1993-2005,100,179,28,6744,200,44.66,16,39,12,ENG
BB McCullum,2004-2016,101,176,9,6453,302,38.64,12,31,14,NZ
BA Stokes,2013-2024,102,185,7,6316,258,35.48,13,31,15,ENG
MA Taylor,1990-1999,93,166,12,6306,334,40.94,15,35,5,AUS
MEK Hussey,2005-2013,79,137,16,6235,195,51.52,19,29,12,AUS
HH Gibbs,1996-2008,90,154,7,6167,228,41.95,14,26,11,SA
JM Bairstow,2012-2024,100,178,12,6042,167,36.39,12,26,17,ENG
RR Sarwan,2000-2011,87,154,8,5842,291,40.01,15,31,12,WI
ME Trescothick,2000-2006,76,143,10,5825,219,43.79,14,29,12,ENG
N Hussain,1990-2004,96,171,16,5764,207,37.18,14,33,14,ENG
MP Vaughan,1999-2008,82,147,9,5719,197,41.44,18,18,9,ENG
Mushfiqur Rahim,2005-2023,88,163,14,5676,219,38.09,10,27,12,BAN
AC Gilchrist,1999-2008,96,137,20,5570,204,47.6,17,26,14,AUS
MV Boucher,1997-2012,147,206,24,5515,125,30.3,5,35,17,SA
KC Brathwaite,2011-2024,89,171,10,5513,212,34.24,12,29,16,WI
MS Atapattu,1990-2007,90,156,15,5502,249,39.02,16,17,22,SL
TM Dilshan,1999-2013,87,145,11,5492,193,40.98,16,23,14,SL
LD Chandimal,2011-2024,79,142,15,5479,206,43.14,15,26,6,SL
TT Samaraweera,2001-2013,81,132,20,5462,231,48.76,14,30,11,SL
UT Khawaja,2011-2024,73,131,12,5451,195,45.8,15,26,8,AUS
TWM Latham,2014-2024,80,142,6,5418,264,39.83,13,28,11,NZ
PA de Silva,1990-2002,76,128,9,5387,267,45.26,17,19,7,SL
D Elgar,2012-2024,86,152,11,5347,199,37.92,14,23,13,SA
MJ Slater,1993-2001,74,131,7,5312,219,42.83,14,21,9,AUS
Misbah-ul-Haq,2001-2017,75,132,20,5222,161,46.62,10,39,9,PAK
Tamim Iqbal,2008-2023,70,134,2,5134,206,38.89,10,31,11,BAN
CL Hooper,1990-2002,86,147,14,5123,233,38.51,12,24,10,WI
AM Rahane,2013-2023,85,144,12,5077,188,38.46,12,26,10,IND
MS Dhoni,2005-2014,90,144,16,4876,224,38.09,6,33,10,IND
A Flower,1992-2002,63,112,19,4794,232,51.54,12,27,5,ZIM
NJ Astle,1996-2006,81,137,10,4702,222,37.02,11,24,11,NZ
Asad Shafiq,2010-2020,77,128,6,4660,137,38.19,12,27,13,PAK
DJ Cullinan,1993-2001,70,115,12,4554,275,44.21,14,20,10,SA
HP Tillakaratne,1990-2004,82,129,25,4539,204,43.64,11,20,8,SL
DL Vettori,1997-2014,113,174,23,4531,140,30,6,23,20,NZ
Shakib Al Hasan,2007-2024,67,123,7,4505,217,38.83,5,31,5,BAN
DR Martyn,1992-2006,67,109,14,4406,165,46.37,13,23,7,AUS
DC Boon,1990-1996,62,108,13,4303,164,45.29,13,18,11,AUS
MA Butcher,1997-2004,71,131,7,4288,173,34.58,8,23,10,ENG
PD Collingwood,2003-2011,68,115,10,4259,206,40.56,10,20,6,ENG
SM Katich,2001-2010,56,99,6,4188,157,45.03,10,25,4,AUS
GA Gooch,1990-1995,45,83,2,4176,333,51.55,12,17,3,ENG
F du Plessis,2012-2021,69,118,14,4163,199,40.02,10,21,9,SA
G Gambhir,2004-2016,58,104,5,4154,206,41.95,9,22,7,IND
RG Sharma,2013-2024,59,101,10,4137,212,45.46,12,17,5,IND
M Labuschagne,2018-2024,50,90,7,4114,215,49.56,11,20,4,AUS
BKG Mendis,2015-2024,63,118,4,4112,245,36.07,9,18,12,SL
MJ Prior,2007-2014,79,123,21,4099,131,40.18,7,28,13,ENG
Mominul Haque,2013-2024,61,114,9,4058,181,38.64,12,18,13,BAN
Saeed Anwar,1990-2001,55,91,2,4052,188,45.52,11,25,8,PAK
M Azharuddin,1990-2000,65,96,6,3991,192,44.34,15,12,3,IND
M Vijay,2008-2018,61,105,1,3982,167,38.28,12,15,8,IND
IA Healy,1990-1999,102,159,21,3949,161,28.61,4,21,15,AUS
MN Samuels,2000-2016,71,127,7,3917,260,32.64,7,24,14,WI
Babar Azam,2016-2024,52,94,9,3898,196,45.85,9,26,7,PAK
A Flintoff,1998-2009,79,130,9,3845,167,31.77,5,26,17,ENG
IJL Trott,2009-2015,52,93,6,3835,226,44.08,9,19,8,ENG
BJ Watling,2009-2021,75,117,16,3790,205,37.52,8,19,10,NZ
SM Pollock,1995-2008,108,156,39,3781,111,32.31,2,16,9,SA
SR Watson,2005-2015,59,109,3,3731,176,35.19,4,24,6,AUS
WJ Cronje,1992-2000,68,111,9,3714,135,36.41,6,23,11,SA
AG Prince,2002-2011,66,104,16,3665,162,41.64,11,11,7,SA
SCJ Broad,2007-2023,167,244,41,3662,169,18.03,1,13,39,ENG
Mohammad Hafeez,2003-2018,55,105,8,3652,224,37.64,10,12,8,PAK
DM de Silva,2016-2024,54,96,8,3582,173,40.7,12,14,8,SL
DM Bravo,2010-2020,56,102,5,3538,218,36.47,8,17,5,WI
RA Smith,1990-1996,54,96,13,3538,175,42.62,7,24,6,ENG
A Ranatunga,1990-2000,67,109,10,3484,131,35.19,2,26,9,SL
GW Flower,1992-2004,67,123,6,3457,201,29.54,6,15,16,ZIM
GA Hick,1991-2001,65,114,6,3383,178,31.32,6,18,11,ENG
R Ashwin,2011-2024,100,141,15,3309,124,26.26,5,14,8,IND
Q de Kock,2014-2021,54,91,6,3300,141,38.82,6,22,7,SA
CL Cairns,1991-2004,61,102,5,3291,158,33.92,5,22,7,NZ
BJ Haddin,2008-2015,66,112,13,3266,169,32.98,4,18,8,AUS
ND McKenzie,2000-2009,58,94,7,3253,226,37.39,5,16,9,SA
TM Head,2018-2024,49,81,5,3173,175,41.75,7,16,6,AUS
SK Warne,1992-2007,145,199,17,3154,99,17.32,0,12,34,AUS
Saleem Malik,1990-1999,47,77,9,3126,237,45.97,8,15,6,PAK
CD McMillan,1997-2005,55,91,10,3116,142,38.46,6,19,7,NZ
MM Ali,2014-2023,68,118,8,3094,155,28.12,5,15,15,ENG
WPUJC Vaas,1994-2009,111,162,35,3089,100,24.32,1,13,12,SL
RA Jadeja,2012-2024,72,105,21,3036,175,36.14,4,20,7,IND
Sarfaraz Ahmed,2010-2023,54,95,14,3031,118,37.41,4,21,4,PAK
Habibul Bashar,2000-2008,50,99,1,3026,113,30.87,3,24,7,BAN
JC Adams,1992-2001,54,90,17,3012,208,41.26,6,14,7,WI
T Bavuma,2014-2023,57,97,12,2997,172,35.25,2,20,9,SA
HM Nicholls,2016-2023,56,87,7,2973,200,37.16,9,12,6,NZ
Taufeeq Umar,2001-2014,44,83,5,2963,236,37.98,7,14,6,PAK
Mahmudullah,2009-2021,50,94,7,2914,150,33.49,5,16,11,BAN
JC Buttler,2014-2022,57,100,9,2907,152,31.94,2,18,9,ENG
J Blackwood,2014-2023,56,102,6,2898,112,30.18,3,18,7,WI
D Ramdin,2005-2016,74,126,14,2898,166,25.87,4,15,9,WI
SL Campbell,1995-2002,52,93,4,2882,208,32.38,4,18,7,WI
AC Parore,1990-2002,78,128,19,2865,110,26.28,2,14,6,NZ
KL Rahul,2014-2024,50,86,2,2863,199,34.08,8,14,7,IND
ADR Campbell,1992-2002,60,109,4,2858,103,27.21,2,18,10,ZIM
Ijaz Ahmed,1990-2001,47,76,4,2858,211,39.69,11,10,5,PAK
Aamer Sohail,1992-2000,47,83,3,2823,205,35.28,5,13,6,PAK
JO Holder,2014-2023,64,113,18,2797,202,29.44,3,12,9,WI
MH Richardson,2000-2004,38,65,3,2776,145,44.77,4,19,1,NZ
N Dickwella,2014-2023,54,96,7,2757,96,30.97,0,22,4,SL
Moin Khan,1990-2004,69,104,8,2741,137,28.55,4,15,5,PAK
Mohammad Ashraful,2001-2013,61,119,5,2737,190,24,6,8,16,BAN
AR Border,1990-1994,45,73,11,2686,200,43.32,4,17,6,AUS
Kamran Akmal,2002-2010,53,92,6,2648,158,30.79,6,12,14,PAK
RB Richardson,1990-1995,41,70,5,2629,182,40.44,6,14,5,WI
JA Rudolph,2003-2012,48,83,9,2622,222,35.43,6,11,8,SA
Z Crawley,2019-2024,44,82,2,2611,267,32.63,4,14,7,ENG
WW Hinds,2000-2005,45,80,1,2608,213,33.01,5,14,6,WI
MJ Guptill,2009-2016,47,89,1,2586,189,29.38,3,17,10,NZ
RD Jacobs,1998-2004,65,112,21,2577,118,28.31,3,14,12,WI
GS Blewett,1995-2000,46,79,4,2552,214,34.02,4,15,6,AUS
JN Rhodes,1992-2000,52,80,9,2532,117,35.66,3,17,4,SA
NS Sidhu,1990-1999,38,56,0,2517,201,44.94,7,12,6,IND
A Kumble,1990-2008,132,173,32,2506,110,17.77,1,5,17,IND
Litton Das,2015-2024,41,72,2,2461,141,35.15,3,16,2,BAN
OJ Pope,2018-2024,43,77,5,2451,205,34.04,5,11,3,ENG
Wasim Akram,1990-2002,75,113,13,2430,257,24.3,3,5,9,PAK
Imran Farhat,2001-2013,40,77,2,2400,128,32,3,14,3,PAK
AK Markram,2017-2024,37,67,1,2398,152,36.33,7,10,6,SA
MR Ramprakash,1991-2002,52,92,6,2350,154,27.32,2,12,12,ENG
RS Mahanama,1990-1998,46,79,1,2333,225,29.91,4,10,7,SL
BRM Taylor,2004-2021,34,68,4,2320,171,36.25,6,12,3,ZIM
MD Crowe,1990-1995,32,55,4,2317,299,45.43,7,7,2,NZ
S Dhawan,2013-2018,34,58,1,2315,190,40.61,7,5,4,IND
RR Pant,2018-2022,33,56,4,2271,159,43.67,5,11,2,IND
RL Chase,2016-2023,49,90,4,2265,137,26.33,5,11,12,WI
SE Marsh,2011-2019,38,68,2,2265,182,34.31,6,10,10,AUS
Harbhajan Singh,1998-2015,103,145,23,2224,115,18.22,2,9,19,IND
H Masakadza,2001-2018,38,76,2,2223,158,30.04,5,8,10,ZIM
GJ Whittall,1993-2002,46,82,7,2207,203,29.42,4,10,6,ZIM
DJ Bravo,2004-2010,40,71,1,2200,113,31.42,3,13,6,WI
AH Jones,1990-1995,29,55,7,2171,186,45.22,6,7,1,NZ
D Ganga,1998-2008,48,86,2,2160,135,25.71,3,9,9,WI
DL Haynes,1990-1994,31,56,8,2147,167,44.72,6,8,3,WI
HAPW Jayawardene,2000-2015,58,83,11,2124,154,29.5,4,5,9,SL
KOA Powell,2011-2021,44,83,1,2113,134,25.76,3,7,8,WI
JP Duminy,2008-2017,46,74,10,2103,166,32.85,6,8,9,SA
JK Silva,2011-2018,39,74,0,2099,139,28.36,3,12,6,SL
TG Southee,2008-2024,100,143,11,2098,77,15.89,0,6,19,NZ
KR Rutherford,1990-1995,40,72,5,2097,105,31.29,2,16,8,NZ
AN Petersen,2010-2015,36,64,4,2093,182,34.88,5,8,3,SA
MA Starc,2011-2024,89,129,27,2093,99,20.51,0,10,14,AUS
HDRL Thirimanne,2011-2022,44,85,6,2088,155,26.43,3,10,11,SL
MG Johnson,2007-2015,73,109,16,2065,123,22.2,1,11,19,AUS
AP Gurusinha,1990-1996,32,55,5,2038,143,40.76,6,8,2,SL
BA Young,1993-1999,35,68,4,2034,267,31.78,2,12,5,NZ
CJL Rogers,2008-2015,25,48,1,2015,173,42.87,5,14,1,AUS
MR Marsh,2014-2024,42,73,7,2010,181,30.45,3,9,8,AUS
AC Hudson,1992-1998,35,63,3,2007,163,33.45,4,13,7,SA
HH Streak,1993-2005,65,107,18,1990,127,22.35,1,11,15,ZIM
BM McMillan,1992-1998,38,62,12,1968,113,39.36,3,13,3,SA
Abdul Razzaq,1999-2006,46,77,9,1946,134,28.61,3,7,4,PAK
W Jaffer,2000-2008,31,58,1,1944,212,34.1,5,11,6,IND
RS Kaluwitharana,1992-2004,49,78,4,1933,132,26.12,3,9,5,SL
L Klusener,1996-2004,49,69,11,1906,174,32.86,4,8,4,SA
Yuvraj Singh,2003-2012,40,62,6,1900,169,33.92,3,11,7,IND
Shoaib Malik,2001-2015,35,60,6,1898,245,35.14,3,8,6,PAK
Salman Butt,2003-2010,33,62,0,1889,122,30.46,3,10,6,PAK
RP Arnold,1997-2004,44,69,4,1821,123,28.01,3,10,7,SL
JP Crawley,1994-2003,37,61,9,1800,156,34.61,4,9,4,ENG
DS Lehmann,1998-2004,27,42,2,1798,177,44.95,5,10,2,AUS
Imrul Kayes,2008-2019,39,76,2,1797,150,24.28,3,4,4,BAN
NT Paranavitana,2009-2012,32,60,5,1792,111,32.58,2,11,9,SL
RJ Burns,2018-2022,32,59,0,1789,133,30.32,3,11,9,ENG
MJ Horne,1997-2003,35,65,2,1788,157,28.38,4,5,4,NZ
JDP Oram,2002-2009,33,59,10,1780,133,36.32,5,6,4,NZ
VD Philander,2011-2020,64,94,20,1779,74,24.04,0,8,8,SA
Shan Masood,2013-2024,33,62,0,1778,156,28.67,4,9,8,PAK
DS Smith,2003-2018,43,76,2,1760,108,23.78,1,8,7,WI
TA Blundell,2017-2024,32,54,6,1756,138,36.58,4,10,4,NZ
WU Tharanga,2005-2017,31,58,3,1754,165,31.89,3,8,6,SL
CR Woakes,2013-2023,48,79,15,1754,137,27.4,1,6,9,ENG
SD Hope,2015-2021,38,72,3,1726,147,25.01,2,5,2,WI
Javed Omar,2001-2007,40,80,2,1720,119,22.05,1,8,5,BAN
HH Dippenaar,1999-2007,38,62,5,1718,177,30.14,3,7,8,SA
Shahid Afridi,1998-2010,27,48,1,1716,156,36.51,5,8,6,PAK
HMRKB Herath,1999-2018,93,144,28,1699,80,14.64,0,3,23,SL
JG Wright,1990-1993,18,33,3,1662,185,55.4,5,7,2,NZ
GS Ballance,2014-2023,24,44,3,1653,156,40.31,5,7,3,ZIM
MS Sinclair,1999-2010,33,56,5,1635,214,32.05,3,4,4,NZ
Mohammad Rizwan,2016-2024,30,48,8,1616,115,40.4,2,9,3,PAK
SV Carlisle,1995-2005,37,66,6,1615,118,26.91,2,8,7,ZIM
MS Wade,2012-2021,36,63,9,1613,117,29.87,4,5,3,AUS
DJ Mitchell,2019-2024,23,37,5,1608,190,50.25,5,10,1,NZ
SB Styris,2002-2007,29,48,4,1586,170,36.04,5,6,5,NZ
SO Dowrich,2015-2020,35,62,8,1570,125,29.07,3,9,8,WI
Imam-ul-Haq,2018-2023,24,46,4,1568,157,37.33,3,9,4,PAK
AJ Lamb,1990-1992,22,39,1,1558,142,41,5,6,3,ENG
T Taibu,2001-2012,28,54,3,1546,153,30.31,1,12,5,ZIM
PJ Hughes,2009-2013,26,49,2,1535,160,32.65,3,7,6,AUS
TD Paine,2010-2021,35,57,10,1534,92,32.63,0,9,4,AUS
NM Lyon,2011-2024,129,163,44,1521,47,12.78,0,0,17,AUS
DP Conway,2021-2024,20,37,1,1497,200,41.58,4,8,3,NZ
Shubman Gill,2020-2024,25,46,4,1492,128,35.52,4,6,4,IND
Yasir Hameed,2003-2010,25,49,3,1491,170,32.41,2,8,1,PAK
RC Russell,1990-1998,47,74,13,1489,124,24.4,1,4,8,ENG
MA Agarwal,2018-2022,21,36,0,1488,243,41.33,4,6,1,IND
AC Voges,2015-2016,20,31,7,1485,269,61.87,5,4,2,AUS
Najmul Hossain Shanto,2017-2024,27,52,1,1481,163,29.03,5,3,7,BAN
Mehidy Hasan Miraz,2016-2024,43,79,9,1470,103,21,1,6,6,BAN
BM Duckett,2016-2024,20,38,2,1464,182,40.66,3,7,2,ENG
DL Houghton,1992-1997,22,36,2,1464,266,43.05,4,4,0,ZIM
A Symonds,2004-2008,26,41,5,1462,162,40.61,2,10,4,AUS
Ramiz Raja,1990-1997,28,48,2,1454,98,31.6,0,13,5,PAK
B Lee,1999-2008,76,90,18,1451,64,20.15,0,5,14,AUS
JA Burns,2014-2020,23,40,1,1442,180,36.97,4,7,6,AUS
NR Mongia,1994-2001,44,68,8,1442,152,24.03,1,6,6,IND
C de Grandhomme,2016-2022,29,44,7,1432,120,38.7,2,8,6,NZ
AF Giles,1998-2006,54,81,13,1421,59,20.89,0,4,9,ENG
MW Goodwin,1998-2000,19,37,4,1414,166,42.84,3,8,4,ZIM
Khaled Mashud,2000-2007,44,84,10,1409,103,19.04,1,3,11,BAN
Rashid Latif,1992-2003,37,57,9,1381,150,28.77,1,7,4,PAK
C Green,2020-2024,28,43,5,1377,174,36.23,2,6,3,AUS
GP Swann,2008-2013,60,76,14,1370,85,22.09,0,5,5,ENG
S Ramesh,1999-2001,19,37,1,1367,143,37.97,2,8,3,IND
DJ Richardson,1992-1998,42,64,8,1359,109,24.26,1,8,7,SA
JM Anderson,2003-2024,187,264,113,1353,81,8.96,0,1,34,ENG
WP Saha,2010-2021,40,56,10,1353,117,29.41,3,6,6,IND
M Prabhakar,1990-1995,33,48,5,1346,120,31.3,1,8,3,IND
AT Carey,2021-2024,32,47,5,1339,111,31.88,1,8,3,AUS
CR Ervine,2011-2023,20,40,2,1332,160,35.05,3,5,2,ZIM
L Vincent,2001-2007,23,40,1,1332,224,34.15,3,9,4,NZ
Abdullah Shafique,2021-2024,17,32,2,1330,201,44.33,4,5,4,PAK
MJ Greatbatch,1990-1996,34,58,1,1328,133,23.29,1,6,9,NZ
SS Das,2000-2002,23,40,2,1326,110,34.89,2,9,3,IND
DJG Sammy,2007-2013,38,63,2,1323,106,21.68,1,5,8,WI
N Boje,2000-2006,43,62,10,1312,85,25.23,0,4,5,SA
MDK Perera,2014-2021,43,77,8,1303,95,18.88,0,7,14,SL
PJ Cummins,2011-2024,62,89,13,1295,64,17.03,0,3,13,AUS
KLT Arthurton,1992-1995,28,42,3,1277,157,32.74,2,8,7,WI
UC Hathurusingha,1991-1999,26,44,1,1274,83,29.62,0,8,2,SL
JD Ryder,2008-2011,18,33,2,1269,201,40.93,3,6,4,NZ
Shahriar Nafees,2005-2013,24,48,0,1267,138,26.39,1,7,4,BAN
DM Jones,1990-1992,22,36,4,1261,150,39.4,4,5,7,AUS
M Muralidaran,1992-2010,133,164,56,1261,67,11.67,0,1,33,SL
SV Manjrekar,1990-1996,28,46,4,1259,104,29.97,1,6,2,IND
DW Steyn,2004-2019,93,119,27,1251,76,13.59,0,2,14,SA
Z Khan,2000-2014,92,127,24,1231,75,11.95,0,3,29,IND
DD Ebrahim,2001-2005,29,55,1,1225,94,22.68,0,10,8,ZIM
JN Gillespie,1996-2006,71,93,28,1218,201,18.73,1,2,13,AUS
Sikandar Raza,2013-2021,17,33,0,1187,127,35.96,1,8,3,ZIM
SC Williams,1994-2002,31,52,3,1183,128,24.14,1,3,6,WI
HC Brook,2022-2023,12,20,1,1181,186,62.15,4,7,1,ENG
Abid Ali,2019-2021,16,26,2,1180,215,49.16,4,3,2,PAK
MDKJ Perera,2015-2021,22,41,3,1177,153,30.97,2,7,5,SL
KAJ Roach,2009-2024,81,129,27,1174,41,11.5,0,0,20,WI
MTG Elliott,1996-2004,21,36,1,1172,199,33.48,3,4,5,AUS
GO Jones,2004-2006,34,53,4,1172,100,23.91,1,6,2,ENG
MJ North,2009-2010,21,35,2,1171,128,35.48,5,4,5,AUS
PM Siddle,2008-2019,67,94,15,1164,51,14.73,0,2,17,AUS
Shoaib Mohammad,1990-1995,19,31,4,1162,203,43.03,3,5,2,PAK
CEL Ambrose,1990-2000,81,120,23,1158,53,11.93,0,1,24,WI
MG Vandort,2001-2008,20,33,2,1144,140,36.9,4,4,3,SL
JA Raval,2016-2020,24,39,1,1143,132,30.07,1,7,3,NZ
Rajin Saleh,2003-2008,24,46,2,1141,89,25.93,0,7,8,BAN
BT Foakes,2018-2024,25,46,7,1139,113,29.2,2,4,3,ENG
KA Maharaj,2016-2024,50,80,6,1135,84,15.33,0,5,12,SA
Javed Miandad,1990-1993,23,36,3,1131,153,34.27,1,7,1,PAK
Faisal Iqbal,2001-2010,26,44,2,1124,139,26.76,1,8,4,PAK
CC Lewis,1990-1996,32,51,3,1105,117,23.02,1,4,6,ENG
IK Pathan,2003-2008,29,40,5,1105,102,31.57,1,6,5,IND
BP Nash,2008-2011,21,33,0,1103,114,33.42,2,8,0,WI
CB Wishart,1995-2005,27,50,1,1098,114,22.4,1,5,6,ZIM
BOP Fernando,2019-2023,21,37,4,1091,102,33.06,1,7,2,SL
VG Kambli,1993-1995,17,21,1,1084,227,54.2,4,3,3,IND
PSP Handscomb,2016-2023,20,35,6,1079,110,37.2,2,5,2,AUS
DJ Malan,2017-2022,22,39,0,1074,140,27.53,1,9,2,ENG
RW Chakabva,2011-2021,22,43,4,1061,101,27.2,1,5,3,ZIM
Mohammad Rafique,2000-2008,33,63,6,1059,111,18.57,1,4,8,BAN
C White,1994-2002,30,50,7,1052,121,24.46,1,5,8,ENG
Nasir Hossain,2011-2017,19,32,2,1044,100,34.8,1,6,2,BAN
DP Sibley,2019-2021,22,39,3,1042,133,28.94,2,5,6,ENG
DR Flynn,2008-2013,24,45,5,1038,95,25.95,0,6,8,NZ
SC Williams,2013-2021,14,27,2,1034,151,41.36,4,3,0,ZIM
YBK Jaiswal,2023-2024,9,16,1,1028,214,68.53,3,4,1,IND
KC Wessels,1992-1994,16,29,2,1027,118,38.03,2,6,2,SA
KD Karthik,2004-2018,26,42,1,1025,129,25,1,7,4,IND
GJ Rennie,1997-2002,23,46,1,1023,93,22.73,0,7,5,ZIM
Fawad Alam,2009-2022,19,30,4,1011,168,38.88,5,2,3,PAK
J Srinath,1991-2002,67,92,21,1009,76,14.21,0,4,13,IND
Waqar Younis,1990-2003,85,118,21,1006,45,10.37,0,0,20,PAK
Umar Akmal,2009-2011,16,30,2,1003,129,35.82,1,6,1,PAK
N Kapil Dev,1990-1994,28,35,3,1002,129,31.31,2,5,3,IND
EJM Cowan,2011-2013,18,32,0,1001,136,31.28,1,6,2,AUS
J Da Silva,2020-2024,26,45,7,992,100,26.1,1,4,4,WI
KA Edwards,2011-2014,17,32,1,986,121,31.8,2,8,4,WI
Ahmed Shehzad,2013-2017,13,25,1,982,176,40.91,3,4,1,PAK
Junaid Siddique,2008-2012,19,37,0,969,106,26.18,1,7,2,BAN
PG Fulton,2006-2014,23,39,1,967,136,25.44,2,5,3,NZ
Saud Shakeel,2022-2024,10,19,3,967,208,60.43,2,6,0,PAK
SA Thomson,1990-1995,19,35,4,958,120,30.9,1,5,3,NZ
PR Reiffel,1992-1998,35,50,14,955,79,26.52,0,6,5,AUS
PV Simmons,1991-1997,24,43,2,953,110,23.24,1,4,4,WI
KR Mayers,2021-2023,18,32,3,949,210,32.72,2,2,5,WI
M Morkel,2006-2018,86,104,23,944,40,11.65,0,0,22,SA
RAS Lakmal,2010-2022,70,109,25,934,42,11.11,0,0,21,SL
PA Patel,2002-2018,25,38,8,934,71,31.13,0,6,4,IND
Saqlain Mushtaq,1995-2004,49,78,14,927,101,14.48,1,2,13,PAK
DN Patel,1990-1997,29,50,8,926,99,22.04,0,4,6,NZ
CM Spearman,1995-2000,19,37,2,922,112,26.34,1,3,3,NZ
JR Murray,1993-2002,33,45,4,918,101,22.39,1,3,9,WI
Yasir Shah,2014-2022,48,72,7,918,113,14.12,1,0,11,PAK
K Rabada,2015-2024,62,96,17,905,47,11.45,0,0,19,SA
HE van der Dussen,2019-2022,18,32,2,905,98,30.16,0,6,3,SA
PA Jaques,2005-2008,11,19,0,902,150,47.47,3,6,1,AUS
Azhar Mahmood,1997-2001,21,34,4,900,136,30,3,1,5,PAK
Asif Mujtaba,1992-1997,22,36,3,889,65,26.93,0,8,5,PAK
JD Campbell,2019-2022,20,40,6,888,68,26.11,0,3,2,WI
AM Blignaut,2001-2005,19,36,3,886,92,26.84,0,6,6,ZIM
N Wagner,2012-2024,64,84,24,875,66,14.58,0,1,17,NZ
HDPK Dharmasena,1993-2004,31,51,7,868,62,19.72,0,3,4,SL
DG Cork,1995-2002,37,56,8,864,59,18,0,3,5,ENG
AR Caddick,1993-2003,62,95,12,861,49,10.37,0,0,19,ENG
Basit Ali,1993-1995,19,33,1,858,103,26.81,1,5,5,PAK
JE Taylor,2003-2016,46,73,7,856,106,12.96,1,1,12,WI
D Gough,1994-2003,58,86,18,855,65,12.57,0,2,14,ENG
TG McIntosh,2008-2011,17,33,2,854,136,27.54,2,4,5,NZ
DI Gower,1990-1992,11,21,5,848,157,53,3,2,1,ENG
Haris Sohail,2017-2021,16,27,1,847,147,32.57,2,3,1,PAK
PA Strang,1994-2001,24,41,10,839,106,27.06,1,2,3,ZIM
GH Vihari,2018-2022,16,28,3,839,111,33.56,1,5,1,IND
SO Hetmyer,2017-2019,16,30,0,838,93,27.93,0,5,0,WI
GR Marsh,1990-1992,17,32,4,837,94,29.89,0,6,2,AUS
AM Bacher,1996-1999,19,33,1,833,96,26.03,0,5,3,SA
Soumya Sarkar,2015-2021,16,30,0,831,149,27.7,1,4,2,BAN
JL Denly,2019-2020,15,28,0,827,94,29.53,0,6,0,ENG
SM Warnapura,2007-2009,14,24,1,821,120,35.69,2,7,5,SL
GRJ Matthews,1990-1993,12,19,2,818,128,48.11,1,8,1,AUS
Khurram Manzoor,2009-2014,16,30,1,817,146,28.17,1,7,3,PAK
SM Curran,2018-2021,24,38,5,815,78,24.69,0,3,7,ENG
SS Iyer,2021-2024,14,24,2,811,105,36.86,1,5,2,IND
Agha Salman,2022-2024,12,23,4,809,132,42.57,2,6,1,PAK
TR Gripper,1999-2004,20,38,1,809,112,21.86,1,5,5,ZIM
JEC Franklin,2001-2013,31,46,7,808,122,20.71,1,2,6,NZ
MJ Santner,2015-2024,26,35,2,804,126,24.36,1,2,3,NZ
NE Bonner,2021-2022,15,25,4,803,123,38.23,2,3,4,WI
Mashrafe Mortaza,2001-2009,36,67,5,797,79,12.85,0,3,12,BAN
RJ Shastri,1990-1992,11,17,0,794,206,46.7,3,1,0,IND
MG Bevan,1994-1998,18,30,3,785,91,29.07,0,6,4,AUS
I Sharma,2007-2021,105,142,47,785,57,8.26,0,1,34,IND
Mohammad Wasim,1996-2000,18,28,2,783,192,30.11,2,2,3,PAK
KK Jennings,2016-2019,17,32,1,781,146,25.19,2,1,4,ENG
CZ Harris,1992-2002,23,42,4,777,71,20.44,0,5,9,NZ
NRD Compton,2012-2016,16,30,3,775,117,28.7,2,2,3,ENG
RWT Key,2002-2005,15,26,1,775,221,31,1,3,2,ENG
JM How,2006-2009,19,35,1,772,92,22.7,0,4,4,NZ
MA Wood,2015-2024,34,58,10,772,52,16.08,0,1,8,ENG
SK Raina,2010-2015,18,31,2,768,120,26.48,1,7,8,IND
AL Logie,1990-1991,15,22,3,763,98,40.15,0,7,0,WI
AJ Hall,2002-2007,21,33,4,760,163,26.2,1,3,7,SA
TA Boult,2011-2022,78,94,46,759,52,15.81,0,1,13,NZ
Sami Aslam,2015-2017,13,25,1,758,91,31.58,0,7,0,PAK
HD Rutherford,2013-2015,16,29,1,755,171,26.96,1,1,2,NZ
Mohammad Amir,2009-2019,36,67,11,751,48,13.41,0,0,7,PAK
Mohammed Shami,2013-2023,64,89,27,750,56,12.09,0,2,18,IND
SJ Harmison,2002-2009,63,86,23,743,49,11.79,0,0,21,ENG
PL Symcox,1993-1998,20,27,1,741,108,28.5,1,4,1,SA
CG Greenidge,1990-1991,12,22,1,732,226,34.85,2,0,0,WI
PAJ DeFreitas,1990-1995,31,49,4,730,88,16.22,0,4,8,ENG
MD Bell,1998-2008,18,32,2,729,107,24.3,2,3,7,NZ
DJ Nash,1992-2001,32,45,14,729,89,23.51,0,4,5,NZ
N Deonarine,2005-2013,18,30,2,725,82,25.89,0,5,3,WI
NV Knight,1995-2001,17,30,0,719,113,23.96,1,4,1,ENG
Asim Kamal,2003-2005,12,20,1,717,99,37.73,0,8,2,PAK
WA Young,2020-2024,16,28,1,717,89,26.55,0,7,1,NZ
DG Brownlie,2011-2013,14,25,1,711,109,29.62,1,4,3,NZ
JDS Neesham,2014-2017,12,22,1,709,137,33.76,2,4,2,NZ
D Bishoo,2011-2018,36,61,15,707,45,15.36,0,0,10,WI
KD Petersen,2021-2024,14,25,0,704,82,28.16,0,4,0,SA
ARS Silva,2017-2019,12,23,3,702,109,35.1,1,5,2,SL
EJG Morgan,2010-2012,16,24,1,700,130,30.43,2,3,4,ENG
M Ntini,1998-2009,101,116,45,699,32,9.84,0,0,21,SA
IVA Richards,1990-1991,13,21,2,691,80,36.36,0,8,1,WI
Faheem Ashraf,2018-2023,17,27,1,687,91,26.42,0,4,4,PAK
Al Sahariar,2000-2003,15,30,0,683,71,22.76,0,4,2,BAN
CJ Anderson,2013-2016,13,22,1,683,116,32.52,1,4,3,NZ
BA Pocock,1993-1997,15,29,0,665,85,22.93,0,6,4,NZ
Hannan Sarkar,2002-2004,17,33,0,662,76,20.06,0,5,5,BAN
CA Walsh,1990-2001,98,142,45,659,30,6.79,0,0,35,WI
AB Barath,2009-2012,15,28,0,657,104,23.46,1,4,2,WI
Mushtaq Ahmed,1990-2003,52,72,16,656,59,11.71,0,2,14,PAK
Taijul Islam,2014-2024,46,78,11,654,47,9.76,0,0,12,BAN
AA Donald,1992-2002,72,94,33,652,37,10.68,0,0,17,SA
HJH Marshall,2000-2006,13,19,2,652,160,38.35,2,2,1,NZ
A Mishra,2008-2016,22,32,2,648,84,21.6,0,4,4,IND
AR Patel,2021-2024,14,22,4,646,84,35.88,0,4,1,IND
MT Renshaw,2016-2023,14,24,2,645,184,29.31,1,3,1,AUS
GD McGrath,1993-2007,124,138,51,641,61,7.36,0,1,35,AUS
AFG Griffith,1997-2000,14,27,1,638,114,24.53,1,4,4,WI
SC Cook,2016-2017,11,19,0,632,117,33.26,3,2,3,SA
MG Hughes,1990-1994,33,46,5,631,45,15.39,0,0,6,AUS
RG Twose,1995-1999,16,27,2,628,94,25.12,0,6,5,NZ
PN Kirsten,1992-1994,12,22,2,626,104,31.3,1,4,2,SA
M Kaif,2000-2006,13,22,3,624,148,32.84,1,3,1,IND
Mahmudul Hasan Joy,2021-2024,13,24,0,623,137,25.95,1,4,6,BAN
PJ Moor,2016-2024,13,26,1,621,83,24.84,0,5,3,ZIM
UDU Chandana,1999-2005,16,24,1,616,92,26.78,0,2,0,SL
AS Joseph,2016-2024,32,49,0,616,86,12.57,0,2,11,WI
TMK Mawoyo,2011-2016,11,22,1,615,163,29.28,1,3,2,ZIM
CS Baugh,2003-2012,21,36,2,610,68,17.94,0,3,1,WI
TJ Franklin,1990-1991,13,23,1,608,101,27.63,1,3,1,NZ
MS Harris,2018-2022,14,26,2,607,79,25.29,0,3,0,AUS
RJ Harris,2010-2015,27,39,11,603,74,21.53,0,3,2,AUS
CJ McDermott,1991-1996,47,57,10,601,42,12.78,0,0,8,AUS
MJ Henry,2015-2024,25,33,6,600,72,22.22,0,4,6,NZ
K Verreynne,2021-2024,16,26,3,600,136,26.08,1,2,3,SA
Adnan Akmal,2010-2014,21,29,5,591,64,24.62,0,3,2,PAK
V Sibanda,2003-2014,14,28,0,591,93,21.1,0,2,3,ZIM
MD Craig,2014-2016,15,25,9,589,67,36.81,0,3,1,NZ
KS More,1990-1993,21,26,5,587,73,27.95,0,5,2,IND
Alok Kapali,2002-2006,17,34,1,584,85,17.69,0,2,6,BAN
Aftab Ahmed,2004-2010,16,31,3,582,82,20.78,0,1,4,BAN
Rahmat Shah,2018-2024,9,18,0,578,102,32.11,1,5,4,AFG
IR Bishop,1990-1998,39,58,8,577,48,11.54,0,0,9,WI
Umar Gul,2003-2013,47,67,9,577,65,9.94,0,1,15,PAK
MN Waller,2011-2017,14,28,1,577,72,21.37,0,4,4,ZIM
A Jadeja,1992-2000,15,24,2,576,96,26.18,0,4,1,IND
RS Bopara,2007-2012,13,19,1,575,143,31.94,3,0,5,ENG
TT Bresnan,2009-2013,23,26,4,575,91,26.13,0,3,3,ENG
AD Hales,2015-2016,11,21,0,573,94,27.28,0,5,0,ENG
RS Morton,2005-2008,15,27,1,573,70,22.03,0,4,1,WI
AB Agarkar,1998-2006,26,39,5,571,109,16.79,1,0,9,IND
SB Doull,1992-2000,32,50,11,570,46,14.61,0,0,10,NZ
E Chigumbura,2004-2014,14,27,0,569,88,21.07,0,4,6,ZIM
DAJ Bracewell,2011-2023,28,45,4,568,47,13.85,0,0,11,NZ
T Chanderpaul,2022-2024,10,19,2,560,207,32.94,1,1,1,WI
Shadman Islam,2018-2022,13,25,1,559,115,23.29,1,2,3,BAN
MF Maharoof,2004-2011,22,34,4,556,72,18.53,0,3,1,SL
GP Wickramasinghe,1991-2001,40,64,5,555,51,9.4,0,1,17,SL
SSJ Brooks,2019-2022,13,24,0,553,111,23.04,1,3,3,WI
B Kumar,2013-2018,21,29,4,552,63,22.08,0,3,4,IND
DW Lawrence,2021-2022,11,21,2,551,91,29,0,4,5,ENG
M Dillon,1997-2004,38,68,3,549,43,8.44,0,0,26,WI
JM Vince,2016-2018,13,22,0,548,83,24.9,0,3,2,ENG
KNM Fernando,2023-2024,8,14,1,547,205,42.07,1,2,0,SL
IS Sodhi,2013-2023,20,29,4,546,65,21.84,0,4,5,NZ
Imran Khan,1990-1992,9,13,4,545,136,60.55,1,4,2,PAK
Shoaib Akhtar,1997-2007,46,67,13,544,47,10.07,0,0,11,PAK
Ibrahim Zadran,2019-2024,7,14,0,541,114,38.64,1,4,2,AFG
AG Cremer,2005-2017,19,38,5,540,102,16.36,1,0,7,ZIM
AU Rashid,2015-2019,19,33,5,540,61,19.28,0,2,3,ENG
MW Gatting,1993-1995,11,21,0,539,117,25.66,1,3,3,ENG
P Nissanka,2021-2022,9,15,1,537,103,38.35,1,5,0,SL
LPC Silva,2006-2008,11,17,1,537,152,33.56,1,2,3,SL
NC Johnson,1998-2000,13,23,1,532,107,24.18,1,4,3,ZIM
HH Pandya,2017-2018,11,18,1,532,108,31.29,1,4,2,IND
S Ranatunga,1994-1997,9,17,1,531,118,33.18,2,2,1,SL
DT Tiripano,2014-2023,16,31,7,531,95,22.12,0,2,5,ZIM
Aminul Islam,2000-2002,13,26,1,530,145,21.2,1,2,3,BAN
MD Stoneman,2017-2018,11,20,1,526,60,27.68,0,5,1,ENG
Shahadat Hossain,2005-2015,38,69,17,521,40,10.01,0,0,10,BAN
R Ravindra,2021-2024,7,14,1,519,240,39.92,1,2,1,NZ
Nafees Iqbal,2004-2006,11,22,0,518,121,23.54,1,2,2,BAN
RO Hinds,2002-2009,15,25,1,505,84,21.04,0,2,1,WI
BJ Hodge,2005-2008,6,11,2,503,203,55.88,1,2,0,AUS
JR Hazlewood,2014-2024,70,85,42,499,39,11.6,0,0,12,AUS
Mohammad Sami,2001-2012,36,56,14,487,49,11.59,0,0,8,PAK
SJ Benn,2008-2015,26,39,5,486,42,14.29,0,0,7,WI
Hashmatullah Shahidi,2018-2024,8,16,5,485,200,44.09,1,2,0,AFG
Sabbir Rahman,2016-2018,11,22,2,481,66,24.05,0,4,5,BAN
SJ Erwee,2022-2023,10,19,1,479,108,26.61,1,1,2,SA
KTGD Prasad,2008-2015,25,39,2,476,47,12.86,0,0,8,SL
MJ Hoggard,2000-2008,67,92,27,473,38,7.27,0,0,19,ENG
SB Bangar,2001-2002,12,18,2,470,100,29.37,1,3,2,IND
TB de Bruyn,2017-2022,13,25,1,468,101,19.5,1,0,2,SA
PM Nevill,2015-2016,17,23,2,468,66,22.28,0,3,1,AUS
BC Strang,1995-2001,26,45,9,465,53,12.91,0,1,8,ZIM
RJ Peterson,2003-2014,15,20,3,464,84,27.29,0,3,2,SA
PL Harris,2007-2011,37,48,5,460,46,10.69,0,0,9,SA
UT Yadav,2011-2023,57,68,27,460,31,11.21,0,0,9,IND
DAS Gunaratne,2016-2017,6,10,2,455,116,56.87,1,3,1,SL
Zakir Hasan,2022-2024,7,14,0,455,100,32.5,1,4,0,BAN
AZ Lees,2022-2022,10,19,0,453,67,23.84,0,2,0,ENG
Saeed Ajmal,2009-2014,35,53,12,451,50,11,0,1,9,PAK
MA Vermeulen,2002-2014,9,18,0,449,118,24.94,1,2,3,ZIM
TR Ambrose,2008-2009,11,16,1,447,102,29.8,1,3,2,ENG
TJ Friend,2001-2004,13,19,4,447,81,29.8,0,3,4,ZIM
CT Bancroft,2017-2019,10,18,1,446,82,26.23,0,3,1,AUS
MJ Leach,2018-2024,36,55,21,446,92,13.11,0,1,7,ENG
MS Kasprowicz,1996-2006,38,54,12,445,25,10.59,0,0,7,AUS
CD Cumming,2005-2008,11,19,2,441,74,25.94,0,1,1,NZ
Asghar Afghan,2018-2021,6,10,0,440,164,44,1,3,1,AFG
Nurul Hasan,2017-2023,11,21,1,440,64,22,0,3,5,BAN
H Hameed,2016-2022,10,19,1,439,82,24.38,0,4,4,ENG
IDS Smith,1990-1992,14,18,2,439,173,27.43,1,1,0,NZ
A Chopra,2003-2004,10,19,0,437,60,23,0,2,1,IND
PJL Dujon,1990-1991,17,26,2,437,70,18.2,0,2,3,WI
Saleem Elahi,1995-2003,13,24,1,436,72,18.95,0,1,6,PAK
KA Jamieson,2020-2024,19,26,4,432,51,19.63,0,1,3,NZ
PHKD Mendis,2022-2024,3,5,1,428,164,107,2,2,0,SL
Imran Nazir,1999-2002,8,13,0,427,131,32.84,2,1,3,PAK
DR Tuffey,2000-2010,26,36,10,427,80,16.42,0,1,6,NZ
NM Hauritz,2004-2010,17,24,7,426,75,25.05,0,2,1,AUS
PK Amre,1992-1993,11,13,3,425,103,42.5,1,3,0,IND
LJ Tucker,2023-2024,5,10,1,424,108,47.11,1,1,0,IRE
RDB Croft,1996-2001,21,34,8,421,37,16.19,0,0,2,ENG
CK Kapugedera,2006-2009,8,15,3,418,96,34.83,0,4,1,SL
JL Pattinson,2011-2020,21,25,9,417,47,26.06,0,0,2,AUS
Naeem Islam,2008-2012,8,15,2,416,108,32,1,1,0,BAN
OE Robinson,2021-2024,20,33,5,410,58,14.64,0,1,7,ENG
DBL Powell,2002-2009,37,57,5,407,36,7.82,0,0,15,WI
LR Johnson,2014-2016,9,16,0,403,66,25.18,0,2,2,WI
TL Best,2003-2013,25,38,6,401,95,12.53,0,1,9,WI
M Jansen,2021-2024,13,21,4,401,84,23.58,0,2,2,SA
M van Jaarsveld,2002-2004,9,15,2,397,73,30.53,0,3,0,SA
Abdur Rehman,2007-2014,22,31,3,395,60,14.1,0,2,4,PAK
S van Zyl,2014-2016,12,17,2,395,101,26.33,1,0,2,SA
FH Edwards,2003-2012,55,88,28,394,30,6.56,0,0,19,WI
KMDN Kulasekara,2005-2014,21,28,1,391,64,14.48,0,1,4,SL
CO Browne,1995-2005,20,30,6,387,68,16.12,0,1,7,WI
VC Drakes,2002-2004,12,20,2,386,67,21.44,0,1,2,WI
J Mubarak,2002-2015,13,23,1,385,49,17.5,0,0,5,SL
Tapash Baisya,2002-2005,21,40,6,384,66,11.29,0,2,9,BAN
TE Blain,1993-1994,8,15,3,383,78,31.91,0,2,1,NZ
LK Germon,1995-1997,12,21,3,382,55,21.22,0,1,3,NZ
Hasan Ali,2017-2024,24,38,6,382,30,11.93,0,0,7,PAK
JS Patel,2006-2017,24,38,8,381,47,12.7,0,0,7,NZ
RIC Holder,1997-1999,11,17,2,380,91,25.33,0,2,1,WI
A Balbirnie,2018-2024,8,16,1,378,95,25.2,0,4,3,IRE
KK Nair,2016-2017,6,7,1,374,303,62.33,1,0,1,IND
MD Marshall,1990-1991,15,23,3,372,67,18.6,0,2,4,WI
RG Samuels,1996-1997,6,12,2,372,125,37.2,1,1,0,WI
HT Tector,2023-2024,5,10,0,370,85,37,0,4,1,IRE
DB Vengsarkar,1990-1992,11,17,0,370,54,21.76,0,3,2,IND
KDK Vithanage,2013-2015,10,16,2,370,103,26.42,1,1,1,SL
NAM McLean,1998-2001,19,32,2,368,46,12.26,0,0,6,WI
IDK Salisbury,1992-2000,15,25,3,368,50,16.72,0,1,4,ENG
GD Phillips,2020-2024,7,12,1,366,87,33.27,0,3,1,NZ
PJ Wiseman,1998-2005,25,34,8,366,36,14.07,0,0,5,NZ
RTM Mendis,2021-2023,14,20,1,365,45,19.21,0,0,2,SL
PR Adams,1995-2004,45,55,15,360,35,9,0,0,8,SA
Danish Kaneria,2000-2010,61,84,33,360,29,7.05,0,0,25,PAK
CMW Read,1999-2007,15,23,4,360,55,18.94,0,1,5,ENG
PS de Villiers,1993-1998,18,26,7,359,67,18.89,0,2,3,SA
AJ Bichel,1997-2003,19,22,1,355,71,16.9,0,1,3,AUS
BW Hilfenhaus,2009-2012,27,38,12,355,56,13.65,0,1,8,AUS
MN Hart,1994-1995,14,24,4,353,45,17.65,0,0,3,NZ
SB Joshi,1996-2000,15,19,2,352,92,20.7,0,1,2,IND
S Matsikenyeri,2003-2005,8,16,1,351,57,23.4,0,2,0,ZIM
SCG MacGill,1998-2008,44,47,11,349,43,9.69,0,0,12,AUS
CR Matthews,1992-1995,18,25,6,348,62,18.31,0,1,4,SA
DG Bedingham,2023-2024,4,7,0,347,110,49.57,1,2,0,SA
Jahurul Islam,2010-2013,7,14,1,347,48,26.69,0,0,2,BAN
WKM Benjamin,1993-1995,13,16,0,346,85,21.62,0,2,1,WI
PS Masvaure,2016-2021,8,15,1,346,65,24.71,0,3,2,ZIM
MA Carberry,2010-2014,6,12,0,345,60,28.75,0,1,2,ENG
Sanuar Hossain,2001-2003,9,18,0,345,49,19.16,0,0,1,BAN
D Dasgupta,2001-2002,8,13,1,344,100,28.66,1,2,2,IND
FA Rose,1997-2000,19,28,2,344,69,13.23,0,1,2,WI
TM Dowlin,2009-2010,6,11,0,343,95,31.18,0,3,0,WI
ARC Fraser,1990-1998,43,62,15,341,32,7.25,0,0,9,ENG
CFK van Wyk,2012-2012,9,17,1,341,71,21.31,0,1,3,NZ
GJ Maxwell,2013-2017,7,14,1,339,104,26.07,1,0,0,AUS
PP Shaw,2018-2020,5,9,1,339,134,42.37,1,2,1,IND
A Nel,2001-2008,36,42,8,337,34,9.91,0,0,11,SA
Raqibul Hasan,2008-2011,9,18,1,336,65,19.76,0,1,2,BAN
SD Robson,2014-2014,7,11,0,336,127,30.54,1,1,0,ENG
R Rampaul,2009-2012,18,31,8,335,40,14.56,0,0,6,WI
MH Dekker,1993-1996,14,22,1,333,68,15.85,0,2,4,ZIM
Mohammad Mithun,2018-2021,10,18,0,333,67,18.5,0,2,4,BAN
DK Morrison,1990-1997,39,60,23,332,42,8.97,0,0,18,NZ
SN Thakur,2018-2023,11,18,1,331,67,19.47,0,4,3,IND
Wajahatullah Wasti,1999-2000,6,10,1,329,133,36.55,2,0,0,PAK
PWA Mulder,2019-2023,12,21,0,326,42,15.52,0,0,2,SA
AJ Redmond,2008-2013,8,16,1,325,83,21.66,0,2,1,NZ
Sohag Gazi,2012-2014,10,16,1,325,101,21.66,1,0,3,BAN
WV Raman,1990-1997,8,14,1,321,96,24.69,0,3,4,IND
A Mukund,2011-2017,7,14,0,320,81,22.85,0,2,3,IND
DR Smith,2004-2006,10,14,1,320,105,24.61,1,0,4,WI
DM Bess,2018-2021,14,19,5,319,57,22.78,0,1,3,ENG
L Ronchi,2015-2016,4,8,0,319,88,39.87,0,2,1,NZ
PR Stirling,2018-2024,6,12,0,319,103,26.58,1,1,1,IRE
OAC Banks,2003-2005,10,16,4,318,50,26.5,0,1,1,WI
W Larkins,1990-1991,7,14,1,317,64,24.38,0,3,4,ENG
AR McBrine,2019-2024,7,13,1,314,86,26.16,0,2,1,IRE
RJ Sidebottom,2001-2010,22,31,11,313,31,15.65,0,0,3,ENG
JWA Taylor,2012-2016,7,13,1,312,76,26,0,2,1,ENG
S Samarawickrama,2017-2024,9,14,1,308,104,23.69,1,0,3,SL
Zubayr Hamza,2019-2024,8,16,0,307,62,19.18,0,1,2,SA
Wahab Riaz,2010-2018,27,41,5,306,39,8.5,0,0,9,PAK
DW Fleming,1994-2001,20,19,3,305,71,19.06,0,2,7,AUS
Shamsur Rahman,2014-2014,6,12,0,305,106,25.41,1,0,1,BAN
BR Hartland,1992-1994,9,18,0,303,52,16.83,0,1,3,NZ
DJ Murray,1994-1995,8,16,1,303,52,20.2,0,1,3,NZ
KJ Arnott,1992-1993,4,8,1,302,101,43.14,1,1,1,ZIM
Shadab Khan,2017-2020,6,11,2,300,56,33.33,0,3,0,PAK
MD Gunathilaka,2017-2018,8,16,0,299,61,18.68,0,2,0,SL
RA Reifer,2017-2023,8,14,1,298,62,22.92,0,3,1,WI
TAM Siriwardana,2015-2016,5,9,0,298,68,33.11,0,2,1,SL
RS Kalpage,1993-1999,11,18,2,294,63,18.37,0,2,0,SL
SJ Rhodes,1994-1995,11,17,5,294,65,24.5,0,1,1,ENG
C Campher,2023-2024,5,10,0,289,111,28.9,1,0,2,IRE
KD Mills,2004-2009,19,30,5,289,57,11.56,0,1,5,NZ
Zahid Fazal,1990-1995,9,16,0,288,78,18,0,1,0,PAK
DNT Zoysa,1997-2004,30,40,6,288,28,8.47,0,0,9,SL
CB Lambert,1991-1998,5,9,0,284,104,31.55,1,1,1,WI
S Sreesanth,2006-2011,27,40,13,281,35,10.4,0,0,10,IND
ST Finn,2010-2016,36,47,22,279,56,11.16,0,1,9,ENG
PA Wallace,1997-1999,7,13,0,279,92,21.46,0,2,1,WI
AJ Finch,2018-2018,5,10,0,278,62,27.8,0,2,1,AUS
LMP Simmons,2009-2011,8,16,0,278,49,17.37,0,0,1,WI
GR Stead,1999-1999,5,8,0,278,78,34.75,0,2,0,NZ
SL Malinga,2004-2010,30,37,13,275,64,11.45,0,1,9,SL
Noman Ali,2021-2023,15,19,4,275,97,18.33,0,1,4,PAK
JJ Bumrah,2018-2024,36,55,18,271,34,7.32,0,0,19,IND
OA Shah,2006-2009,6,10,0,269,88,26.9,0,2,0,ENG
Khaled Mahmud,2001-2003,12,23,1,266,45,12.09,0,0,4,BAN
S Shillingford,2010-2014,16,26,6,266,53,13.3,0,1,7,WI
A Lyth,2015-2015,7,13,0,265,107,20.38,1,0,1,ENG
Rubel Hossain,2009-2020,27,47,19,265,45,9.46,0,0,7,BAN
Washington Sundar,2021-2021,4,6,2,265,96,66.25,0,3,2,IND
CA Best,1990-1990,5,9,0,264,164,29.33,1,1,1,WI
RRS Cornwall,2019-2023,10,17,3,261,73,18.64,0,2,1,WI
SM Ervine,2003-2004,5,8,0,261,86,32.62,0,3,1,ZIM
RW Price,1999-2013,22,38,8,261,36,8.7,0,0,6,ZIM
RG Hart,2002-2003,11,19,3,260,57,16.25,0,1,4,NZ
Akram Khan,2000-2003,8,16,0,259,44,16.18,0,0,0,BAN
MG Bracewell,2022-2023,8,14,1,259,74,19.92,0,1,1,NZ
KJ O'Brien,2018-2019,3,6,1,258,118,51.6,1,1,0,IRE
Manjural Islam Rana,2004-2004,6,11,1,257,69,25.7,0,1,2,BAN
BB Chari,2014-2018,7,14,0,254,80,18.14,0,2,2,ZIM
Sohail Khan,2009-2016,9,12,2,252,65,25.2,0,1,0,PAK
CRD Fernando,2000-2012,40,47,17,249,39,8.3,0,0,8,SL
KT Kasuza,2020-2021,7,12,1,249,63,22.63,0,1,2,ZIM
Abdur Razzak,2006-2018,13,22,6,248,43,15.5,0,0,1,BAN
SR Clark,2006-2009,24,26,7,248,39,13.05,0,0,5,AUS
TM Moody,1990-1992,5,9,0,248,101,27.55,1,2,1,AUS
J Yadav,2016-2022,6,9,1,248,104,31,1,1,0,IND
MHW Papps,2004-2007,8,16,1,246,86,16.4,0,2,4,NZ
Shuvagata Hom,2014-2016,8,15,4,244,50,22.18,0,1,3,BAN
XM Marshall,2005-2009,7,12,0,243,85,20.25,0,2,1,WI
Mehrab Hossain jnr,2007-2009,7,13,1,243,83,20.25,0,1,1,BAN
Ali Naqvi,1997-1998,5,9,1,242,115,30.25,1,0,0,PAK
D Williams,1992-1998,11,19,1,242,65,13.44,0,1,7,WI
Mehrab Hossain,2000-2003,9,18,0,241,71,13.38,0,1,2,BAN
Sir RJ Hadlee,1990-1990,7,7,0,240,87,34.28,0,2,1,NZ
SLV Raju,1990-2001,28,34,10,240,31,10,0,0,3,IND
Naved-ul-Hasan,2004-2007,9,15,3,239,42,19.91,0,0,2,PAK
LE Plunkett,2005-2014,13,20,5,238,55,15.86,0,1,7,ENG
PT Collins,1999-2006,32,47,7,235,24,5.87,0,0,14,WI
Hasan Raza,1996-2005,7,10,1,235,68,26.11,0,2,1,PAK
ML Love,2002-2003,5,8,3,233,100,46.6,1,1,2,AUS
Mushfiqur Rahman,2001-2004,10,19,2,232,46,13.64,0,0,5,BAN
ST Gabriel,2012-2023,59,88,34,229,20,4.24,0,0,23,WI
AJ Tudor,1998-2002,10,16,4,229,99,19.08,0,1,2,ENG
JS Foster,2001-2002,7,12,3,226,48,25.11,0,0,1,ENG
D Mohammed,2004-2006,5,8,1,225,52,32.14,0,1,0,WI
KCG Benjamin,1992-1998,26,36,8,222,43,7.92,0,0,8,WI
DE Malcolm,1990-1997,39,56,19,222,29,6,0,0,16,ENG
KS Bharat,2023-2024,7,12,1,221,44,20.09,0,0,0,IND
SR Harmer,2015-2023,10,14,2,221,47,18.41,0,0,0,SA
Taskin Ahmed,2017-2023,13,22,3,221,75,11.63,0,1,2,BAN
MS Panesar,2006-2013,50,68,23,220,26,4.88,0,0,20,ENG
RT Latham,1992-1993,4,7,0,219,119,31.28,1,0,1,NZ
IE O'Brien,2005-2009,22,34,5,219,31,7.55,0,0,8,NZ
JAH Marshall,2005-2008,7,11,0,218,52,19.81,0,1,2,NZ
UWMBCA Welegedara,2007-2014,21,30,6,218,48,9.08,0,0,4,SL
R Mutumbami,2013-2014,6,12,1,217,43,19.72,0,0,1,ZIM
Afsar Zazai,2018-2023,6,10,1,214,48,23.77,0,0,1,AFG
NH Fairbrother,1990-1993,6,11,1,214,83,21.4,0,1,0,ENG
BAW Mendis,2008-2014,19,19,6,213,78,16.38,0,1,2,SL
DP Samaraweera,1993-1995,7,14,0,211,42,15.07,0,0,1,SL
Shafiul Islam,2010-2017,11,21,1,211,53,10.55,0,1,2,BAN
MA Ealham,1996-1998,8,13,3,210,53,21,0,2,0,ENG
Naimur Rahman,2000-2002,8,15,1,210,48,15,0,0,1,BAN
SP Jones,2002-2005,18,18,5,205,44,15.76,0,0,3,ENG
Yasir Ali,2021-2022,6,11,1,205,55,20.5,0,1,1,BAN
DJ Gandhi,1999-1999,4,7,1,204,88,34,0,2,2,IND
NLTC Perera,2011-2012,6,10,0,203,75,20.3,0,1,0,SL
BKV Prasad,1996-2001,33,47,20,203,30,7.51,0,0,10,IND
DE Bernard,2003-2009,3,6,1,202,69,40.4,0,3,0,WI
A McGrath,2003-2003,4,5,0,201,81,40.2,0,2,0,ENG
T Panyangara,2004-2014,9,18,6,201,40,16.75,0,0,2,ZIM
JTC Vaughan,1992-1997,6,12,1,201,44,18.27,0,0,0,NZ
SN Khan,2024-2024,3,5,1,200,68,50,0,3,1,IND
JA McCollum,2019-2023,6,12,1,199,39,18.09,0,0,1,IRE
PL Taylor,1990-1991,6,8,0,198,87,24.75,0,1,0,AUS
CD Collymore,1999-2007,30,52,27,197,16,7.88,0,0,11,WI
MR Adair,2019-2024,5,9,1,196,88,24.5,0,1,1,IRE
PB Dassanayake,1993-1994,11,17,2,196,36,13.06,0,0,3,SL
PW Hasaranga,2020-2021,4,7,0,196,59,28,0,1,0,SL
AC Agar,2013-2023,5,7,1,195,98,32.5,0,1,0,AUS
STR Binny,2014-2015,6,10,1,194,78,21.55,0,1,2,IND
Shahid Nazir,1996-2007,15,19,3,194,40,12.12,0,0,3,PAK
RMS Eranga,2011-2016,19,26,11,193,45,12.86,0,0,4,SL
T Westley,2017-2017,5,9,1,193,59,24.12,0,1,0,ENG
Fakhar Zaman,2018-2019,3,6,0,192,94,32,0,2,0,PAK
AJ Doolan,2014-2014,4,8,0,191,89,23.87,0,1,1,AUS
L Embuldeniya,2019-2022,17,27,1,191,40,7.34,0,0,8,SL
Kuldeep Yadav,2017-2024,12,15,1,191,40,13.64,0,0,4,IND
DC Jurel,2024-2024,3,4,1,190,90,63.33,0,1,0,IND
JA Warrican,2015-2023,15,26,10,189,41,11.81,0,0,1,WI
ML Nkala,2000-2005,10,15,2,187,47,14.38,0,0,4,ZIM
A Nortje,2019-2023,19,33,9,187,40,7.79,0,0,8,SA
JJ Roy,2019-2019,5,10,0,187,72,18.7,0,1,1,ENG
DW Headley,1997-1999,15,26,4,186,31,8.45,0,0,3,ENG
GB Hogg,1996-2008,7,10,3,186,79,26.57,0,1,0,AUS
DA Marillier,2000-2002,5,7,1,186,73,31,0,2,0,ZIM
TW Hartley,2024-2024,5,10,0,185,36,18.5,0,0,0,ENG
MV Nagamootoo,2000-2002,5,8,1,185,68,26.42,0,1,0,WI
HK Olonga,1995-2002,30,45,11,184,24,5.41,0,0,14,ZIM
GJ Bailey,2013-2014,5,8,1,183,53,26.14,0,1,1,AUS
DR Pringle,1991-1992,9,14,1,183,45,14.07,0,0,2,ENG
C Overton,2017-2022,8,14,2,182,41,15.16,0,0,1,ENG
Shaheen Shah Afridi,2018-2023,29,37,9,182,21,6.5,0,0,9,PAK
CR Brathwaite,2015-2016,3,5,1,181,69,45.25,0,3,1,WI
DA Gunawardene,1999-2005,6,11,0,181,43,16.45,0,0,1,SL
Enamul Haque,2001-2003,10,19,4,180,24,12,0,0,3,BAN
CJ Jordan,2014-2015,8,11,1,180,35,18,0,0,0,ENG
Imran Butt,2021-2021,6,10,0,178,91,17.8,0,1,2,PAK
Saleem Yousuf,1990-1990,7,10,0,177,38,17.7,0,0,0,PAK
CJ Chibhabha,2016-2023,5,10,0,175,60,17.5,0,1,0,ZIM
C Pringle,1990-1995,14,21,4,175,30,10.29,0,0,7,NZ
CR Miller,1998-2001,18,24,3,174,43,8.28,0,0,7,AUS
JE Emburey,1993-1995,4,7,2,173,59,34.6,0,2,0,ENG
CH Morris,2016-2017,4,7,0,173,69,24.71,0,1,0,SA
Mosaddek Hossain,2017-2022,4,8,2,173,75,28.83,0,1,1,BAN
I Kaia,2023-2023,2,4,0,172,67,43,0,1,0,ZIM
KSA McKenzie,2023-2024,3,6,0,170,50,28.33,0,1,1,WI
Tanvir Ahmed,2010-2013,5,7,2,170,57,34,0,1,0,PAK
RA Young,2011-2011,5,10,3,169,57,24.14,0,1,1,NZ
A Athanaze,2023-2024,4,7,0,168,47,24,0,0,1,WI
SE Bond,2001-2009,18,20,7,168,41,12.92,0,0,1,NZ
M Watkinson,1995-1996,4,6,1,167,82,33.4,0,1,1,ENG
SW Ambris,2017-2018,6,12,1,166,43,15.09,0,0,2,WI
KR Pushpakumara,1994-2001,23,31,12,166,44,8.73,0,0,5,SL
Abul Hasan,2012-2013,3,5,3,165,113,82.5,1,0,0,BAN
RD Rickelton,2022-2023,4,8,1,165,42,23.57,0,0,0,SA
ML Su'a,1992-1995,13,18,5,165,44,12.69,0,0,5,NZ
MC Henriques,2013-2016,4,8,1,164,81,23.42,0,2,2,AUS
A Ratra,2002-2002,6,10,1,163,115,18.11,1,0,1,IND
HD Ackerman,1998-1998,4,8,0,161,57,20.12,0,1,0,SA
CI Dunusinghe,1995-1995,5,10,0,160,91,16,0,1,3,SL
Nasir Jamal,2019-2024,5,10,3,160,55,22.85,0,1,2,AFG
Nayeem Hasan,2018-2023,10,15,4,160,26,14.54,0,0,1,BAN
OJ Phillips,2009-2009,2,4,0,160,94,40,0,1,0,WI
Saif Hassan,2020-2021,6,11,0,159,43,14.45,0,0,3,BAN
PJ Malan,2020-2020,3,6,0,156,84,26,0,1,0,SA
RJ Ratnayake,1990-1992,8,11,2,156,52,17.33,0,1,2,SL
JC Archer,2019-2021,13,20,0,155,30,7.75,0,0,3,ENG
Z de Bruyn,2004-2004,3,5,1,155,83,38.75,0,1,0,SA
NGRP Jayasuriya,2022-2024,12,18,1,155,28,9.11,0,0,2,SL
Akram Raza,1990-1995,8,12,2,153,32,15.3,0,0,3,PAK
PCR Tufnell,1990-2001,42,59,29,153,22,5.1,0,0,15,ENG
AJ Pycroft,1992-1992,3,5,0,152,60,30.4,0,1,0,ZIM
SR Patel,2012-2015,6,9,0,151,42,16.77,0,0,2,ENG
GJ Batty,2003-2016,9,12,2,149,38,14.9,0,0,2,ENG
P Kumar,2011-2011,6,10,0,149,40,14.9,0,0,2,IND
Shadab Kabir,1996-2002,5,7,0,148,55,21.14,0,1,0,PAK
SC Joseph,2004-2007,5,10,0,147,45,14.7,0,0,1,WI
S Randiv,2010-2012,12,17,1,147,39,9.18,0,0,3,SL
NB Mahwire,2002-2005,10,17,6,147,50,13.36,0,1,2,ZIM
CL White,2008-2008,4,7,2,146,46,29.2,0,0,0,AUS
T de Zorzi,2023-2024,4,7,0,145,85,20.71,0,1,1,SA
V Permaul,2012-2022,9,13,2,145,26,13.18,0,0,3,WI
Mohammad Nawaz (3),2016-2022,6,10,1,144,45,16,0,0,1,PAK
KR Patterson,2019-2019,2,2,1,144,114,144,1,0,0,AUS
Zulfiqar Babar,2013-2016,15,18,9,144,56,16,0,1,2,PAK
Aamer Jamal,2023-2024,3,6,1,143,82,28.6,0,1,2,PAK
GC Small,1990-1991,11,16,4,143,44,11.91,0,0,3,ENG
SS Dighe,2001-2001,6,10,1,141,47,15.66,0,0,1,IND
DRE Joseph,1999-1999,4,7,0,141,50,20.14,0,1,0,WI
Mohammad Asif,2005-2010,23,38,13,141,29,5.64,0,0,14,PAK
R Chandrika,2015-2016,5,10,0,140,37,14,0,0,3,WI
GR Robertson,1998-1998,4,7,0,140,57,20,0,1,2,AUS
MD Shanaka,2016-2021,6,12,2,140,66,14,0,1,2,SL
MVT Fernando,2016-2024,23,32,16,138,38,8.62,0,0,10,SL
DL Piedt,2014-2024,10,14,1,137,56,10.53,0,1,2,SA
Rahat Ali,2013-2018,21,31,13,136,35,7.55,0,0,8,PAK
A Dananjaya,2018-2019,6,10,2,135,43,16.87,0,0,3,SL
GF Linde,2019-2021,3,6,0,135,37,22.5,0,0,0,SA
TBA May,1993-1995,17,18,8,135,42,13.5,0,0,2,AUS
K Srikkanth,1991-1992,4,8,0,135,38,16.87,0,0,1,IND
TK Musakanda,2017-2021,5,9,0,134,43,14.88,0,0,2,ZIM
CAK Rajitha,2018-2024,18,24,5,133,22,7,0,0,6,SL
N Pradeep,2011-2017,28,50,17,132,17,4,0,0,18,SL
TCB Fernando,2001-2002,9,8,3,132,45,26.4,0,0,1,SL
V Rathour,1996-1997,6,10,0,131,44,13.1,0,0,0,IND
Imran Tahir,2011-2015,20,23,9,130,29,9.28,0,0,2,SA
IJ Ward,2001-2001,5,9,1,129,39,16.12,0,0,1,ENG
RK Illingworth,1991-1995,9,14,7,128,28,18.28,0,0,3,ENG
KM Jarvis,2011-2020,13,24,10,128,25,9.14,0,0,4,ZIM
BP Julian,1993-1995,7,9,1,128,56,16,0,1,3,AUS
S Chattergoon,2008-2008,4,7,0,127,46,18.14,0,0,0,WI
GR Larsen,1994-1996,8,13,4,127,26,14.11,0,0,2,NZ
AD Mullally,1996-2001,19,27,4,127,24,5.52,0,0,12,ENG
AY Patel,2018-2023,16,22,11,127,35,11.54,0,0,1,NZ
PJR Steyn,1995-1995,3,6,0,127,46,21.16,0,0,0,SA
JB Commins,1994-1995,3,6,1,125,45,25,0,0,1,SA
Marshall Ayub,2013-2014,3,6,0,125,41,20.83,0,0,0,BAN
Nazimuddin,2011-2012,3,6,0,125,78,20.83,0,1,2,BAN
DM Richards,2009-2010,3,6,0,125,69,20.83,0,1,1,WI
HMCM Bandara,1998-2006,8,11,3,124,43,15.5,0,0,2,SL
DA Reeve,1992-1992,3,5,0,124,59,24.8,0,1,1,ENG
CS Martin,2000-2013,71,104,52,123,12,2.36,0,0,36,NZ
BA Murphy,2000-2001,11,15,3,123,30,10.25,0,0,3,ZIM
AB Fudadin,2012-2012,3,5,1,122,55,30.5,0,1,0,WI
Junaid Khan,2011-2015,22,28,11,122,17,7.17,0,0,5,PAK
Mohammad Sharif,2001-2007,10,20,3,122,24,7.17,0,0,7,BAN
T Murphy,2023-2023,6,10,1,122,41,13.55,0,0,3,AUS
AH Omarshah,1992-1996,3,5,0,122,62,24.4,0,1,0,ZIM
EA Brandes,1992-1999,10,15,3,121,39,10.08,0,0,2,ZIM
A Mithun,2010-2011,4,5,0,120,46,24,0,0,1,IND
K Zondo,2022-2023,5,7,1,120,39,20,0,0,1,SA
Shahadat Hossain (3),2023-2024,4,8,0,118,31,14.75,0,0,1,BAN
BGK Walker,2000-2002,5,8,2,118,27,19.66,0,0,1,NZ
SI de Saram,1999-2000,4,5,0,117,39,23.4,0,0,0,SL
Noor Ali Zadran,2024-2024,2,4,0,117,47,29.25,0,0,0,AFG
PADLR Sandakan,2016-2018,11,17,6,117,25,10.63,0,0,0,SL
CPH Ramanayake,1991-1993,14,17,6,116,34,10.54,0,0,5,SL
Shoriful Islam,2021-2024,10,16,2,116,26,8.28,0,0,3,BAN
RP Singh,2006-2011,14,19,3,116,30,7.25,0,0,7,IND
DH Brain,1992-1995,9,13,2,115,28,10.45,0,0,4,ZIM
KAR Hodge,2024-2024,2,4,0,115,71,28.75,0,1,0,WI
PJ Martin,1995-1997,8,13,0,115,29,8.84,0,0,2,ENG
H Morris,1991-1991,3,6,0,115,44,19.16,0,0,0,ENG
WER Somerville,2018-2021,6,10,2,115,40,14.37,0,0,2,NZ
ML Cummins,2016-2019,14,22,7,114,24,7.6,0,0,6,WI
RKJ Dawson,2001-2003,7,13,3,114,19,11.4,0,0,0,ENG
AR Whittall,1996-1999,10,18,3,114,17,7.6,0,0,1,ZIM
Javed Ahmadi,2018-2021,3,6,0,113,62,18.83,0,1,0,AFG
HG Kuhn,2017-2017,4,8,0,113,34,14.12,0,0,0,SA
CT Tremlett,2007-2013,12,15,4,113,25,10.27,0,0,3,ENG
FL Reifer,1997-2009,6,12,0,111,29,9.25,0,0,3,WI
M Shumba,2021-2023,4,8,0,111,41,13.87,0,0,0,ZIM
Ihsanullah,2019-2019,3,6,1,110,65,22,0,1,0,AFG
Mohammad Abbas,2017-2021,25,36,16,110,29,5.5,0,0,5,PAK
TJ Murtagh,2018-2019,3,6,2,109,54,27.25,0,1,0,IRE
SD Udal,2005-2006,4,7,1,109,33,18.16,0,0,1,ENG
GM Ewing,2003-2005,3,6,0,108,71,18,0,1,2,ZIM
SJ Cook,1992-1993,3,6,0,107,43,17.83,0,0,1,SA
AB McDonald,2009-2009,4,6,1,107,68,21.4,0,1,1,AUS
P Utseya,2004-2013,4,8,1,107,45,15.28,0,0,2,ZIM
PHT Kaushal,2014-2015,7,12,2,106,18,10.6,0,0,1,SL
MSK Prasad,1999-2000,6,10,1,106,19,11.77,0,0,0,IND
D Ramnarine,1998-2002,12,21,4,106,35,6.23,0,0,8,WI
Rashid Khan,2018-2021,5,7,0,106,51,15.14,0,1,0,AFG
GE Bradburn,1990-2001,7,10,2,105,30,13.12,0,0,1,NZ
CB Mpofu,2005-2017,15,28,10,105,33,5.83,0,0,9,ZIM
S Muthusamy,2019-2023,3,6,2,105,49,26.25,0,0,0,SA
CJ Adams,1999-2000,5,8,0,104,31,13,0,0,0,ENG
PVD Chameera,2015-2021,12,21,2,104,22,5.47,0,0,5,SL
H Klaasen,2019-2023,4,8,0,104,35,13,0,0,0,SA
GFJ Liebenberg,1998-1998,5,8,0,104,45,13,0,0,2,SA
Mohammed Siraj,2020-2024,27,36,15,104,16,4.95,0,0,8,IND
EE Hemmings,1990-1991,7,7,1,103,51,17.16,0,1,3,ENG
SB O'Connor,1997-2001,19,27,9,103,20,5.72,0,0,4,NZ
B Muzarabani,2017-2021,6,11,4,102,30,14.57,0,0,1,ZIM
Naseem Shah,2019-2023,17,22,8,102,18,7.28,0,0,3,PAK
PM Pushpakumara,2017-2018,4,8,2,102,42,17,0,0,0,SL
Aaqib Javed,1990-1998,21,27,7,101,28,5.05,0,0,8,PAK
KA Hope,2017-2017,5,9,0,101,43,11.22,0,0,2,WI
Anamul Haque,2013-2022,5,10,0,100,23,10,0,0,1,BAN
R de Swardt,2024-2024,2,4,1,99,64,33,0,1,1,SA
MN Nawaz,2002-2002,1,2,1,99,78,99,0,1,0,SL
Robiul Islam,2010-2014,9,17,6,99,33,9,0,0,6,BAN
Shahriar Hossain,2000-2004,3,5,0,99,48,19.8,0,0,0,BAN
Umar Amin,2010-2010,4,8,0,99,33,12.37,0,0,1,PAK
TD Astle,2012-2020,5,6,1,98,35,19.6,0,0,1,NZ
RK Chauhan,1993-1998,21,17,3,98,23,7,0,0,1,IND
AC Cummins,1993-1994,5,6,1,98,50,19.6,0,1,1,WI
GH Dockrell,2019-2023,2,4,0,98,39,24.5,0,0,0,IRE
Hasibul Hossain,2000-2001,5,10,1,97,31,10.77,0,0,2,BAN
AR Kapoor,1994-1996,4,6,1,97,42,19.4,0,0,0,IND
L Ngidi,2018-2024,18,29,10,97,19,5.1,0,0,7,SA
J Overton,2022-2022,1,1,0,97,97,97,0,1,0,ENG
CP Senanayake,1991-1991,3,5,0,97,64,19.4,0,1,1,SL
IDR Bradshaw,2006-2006,5,8,1,96,33,13.71,0,0,1,WI
R Clarke,2003-2003,2,3,0,96,55,32,0,1,0,ENG
KMA Paul,2018-2019,3,6,0,96,47,16,0,0,1,WI
KJ Abbott,2013-2017,11,14,0,95,17,6.78,0,0,4,SA
Karim Janat,2023-2024,2,4,1,95,41,31.66,0,0,0,AFG
RP Snell,1992-1994,5,8,1,95,48,13.57,0,0,1,SA
HK Badani,2001-2001,4,7,1,94,38,15.66,0,0,0,IND
T Kaitano,2021-2021,1,2,0,94,87,47,0,1,0,ZIM
KS Lokuarachchi,2003-2004,4,5,1,94,28,23.5,0,0,0,SL
T Thushara,2003-2010,10,14,3,94,15,8.54,0,0,3,SL
DJ Vilas,2015-2016,6,9,0,94,26,10.44,0,0,0,SA
AS Wassan,1990-1990,4,5,1,94,53,23.5,0,1,1,IND
Yasir Arafat,2007-2009,3,3,1,94,50,47,0,1,1,PAK
Aamer Malik,1990-1994,4,7,0,93,65,13.28,0,1,2,PAK
MRCN Bandaratilleke,1998-2001,7,9,1,93,25,11.62,0,0,1,SL
OD Gibson,1995-1999,2,4,0,93,37,23.25,0,0,0,WI
SC Kuggeleijn,2023-2024,3,6,0,92,44,15.33,0,0,2,NZ
CE Eksteen,1993-2000,7,11,2,91,22,10.11,0,0,1,SA
CBRLS Kumara,2016-2024,28,39,17,91,13,4.13,0,0,13,SL
Al-Amin Hossain,2013-2019,7,11,7,90,32,22.5,0,0,0,BAN
TL Chatara,2013-2018,9,16,2,90,22,6.42,0,0,5,ZIM
KM Dabengwa,2005-2005,3,6,0,90,35,15,0,0,1,ZIM
TN Madondo,1998-2000,3,4,1,90,74,30,0,1,1,ZIM
BG Rogers,2005-2005,4,8,0,90,29,11.25,0,0,2,ZIM
WG Jacks,2022-2022,2,4,0,89,31,22.25,0,0,0,ENG
RN Lewis,1997-2008,5,10,0,89,40,8.9,0,0,4,WI
PP Ojha,2009-2013,24,27,17,89,18,8.9,0,0,4,IND
Tushar Imran,2002-2007,5,10,0,89,28,8.9,0,0,3,BAN
Ariful Haque,2018-2018,2,4,1,88,41,29.33,0,0,0,BAN
KIC Asalanka,2021-2022,3,6,0,88,29,14.66,0,0,0,SL
CK Coventry,2005-2005,2,4,0,88,37,22,0,0,0,ZIM
M Kartik,2000-2004,8,10,1,88,43,9.77,0,0,2,IND
SW Masakadza,2012-2014,5,9,1,88,24,11,0,0,3,ZIM
Sajid Khan,2021-2024,8,9,0,88,21,9.77,0,0,1,PAK
Shabbir Ahmed,2003-2005,10,15,5,88,24,8.8,0,0,4,PAK
Zulqarnain Haider,2010-2010,1,2,0,88,88,44,0,1,1,PAK
Rehan Ahmed,2022-2024,4,8,0,87,28,10.87,0,0,1,ENG
ET Smith,2003-2003,3,5,0,87,64,17.4,0,1,2,ENG
GD Elliott,2008-2009,5,9,1,86,25,10.75,0,0,1,NZ
RC Irani,1996-1999,3,5,0,86,41,17.2,0,0,0,ENG
SNJ O'Keefe,2014-2017,9,13,4,86,25,9.55,0,0,2,AUS
MC Snedden,1990-1990,7,8,3,85,23,17,0,0,1,NZ
LA Dawson,2016-2017,3,6,2,84,66,21,0,1,3,ENG
U Afzaal,2001-2001,3,6,1,83,54,16.6,0,1,0,ENG
Amir Hamza,2019-2023,4,6,2,83,34,20.75,0,0,0,AFG
J Botha,2006-2010,5,6,2,83,25,20.75,0,0,0,SA
DT Hondo,2001-2005,9,15,6,83,19,9.22,0,0,1,ZIM
D Pretorius,2019-2020,3,6,0,83,37,13.83,0,0,1,SA
B Mavuta,2018-2023,4,7,0,82,56,11.71,0,1,2,ZIM
TS Roland-Jones,2017-2017,4,6,2,82,25,20.5,0,0,0,ENG
M Zondeki,2003-2008,6,5,0,82,59,16.4,0,1,1,SA
IT Botham,1991-1992,5,7,1,81,31,13.5,0,0,0,ENG
DJ Capel,1990-1990,4,7,1,81,40,13.5,0,0,0,ENG
SI Mahmood,2006-2007,8,11,1,81,34,8.1,0,0,3,ENG
Manjural Islam,2001-2004,17,33,11,81,21,3.68,0,0,10,BAN
T Duffin,2005-2005,2,4,0,80,56,20,0,1,0,ZIM
JM Kemp,2001-2005,4,6,0,80,55,13.33,0,1,2,SA
SD Anurasiri,1991-1998,14,17,3,78,24,5.57,0,0,3,SL
Ishan Kishan,2023-2023,2,3,2,78,52,78,0,1,0,IND
MN Lathwell,1993-1993,2,4,0,78,33,19.5,0,0,1,ENG
SF Mire,2017-2017,2,4,0,78,47,19.5,0,0,1,ZIM
GF Labrooy,1990-1991,4,6,1,77,70,15.4,0,1,3,SL
A Nehra,1999-2004,17,25,11,77,19,5.5,0,0,10,IND
ASA Perera,1998-2001,3,4,1,77,43,25.66,0,0,0,SL
Ata-ur-Rehman,1992-1996,13,15,6,76,19,8.44,0,0,3,PAK
JG Bracewell,1990-1990,6,6,1,76,28,15.2,0,0,2,NZ
IG Butler,2002-2004,8,10,2,76,26,9.5,0,0,2,NZ
MR Gillespie,2007-2012,5,8,1,76,27,10.85,0,0,3,NZ
Tauseef Ahmed,1990-1993,6,8,4,75,21,18.75,0,0,2,PAK
JER Gallian,1995-1995,3,6,0,74,28,12.33,0,0,2,ENG
AG Huckle,1997-1998,8,14,3,74,28,6.72,0,0,7,ZIM
HH Kanitkar,1999-2000,2,4,0,74,45,18.5,0,0,0,IND
A Maregwede,2004-2004,2,4,0,74,28,18.5,0,0,1,ZIM
BP Martin,2013-2013,5,6,1,74,41,14.8,0,0,1,NZ
MP Maynard,1993-1994,3,6,0,74,35,12.33,0,0,2,ENG
NO Perry,1999-1999,4,7,1,74,26,12.33,0,0,2,WI
Shakeel Ahmed jnr,1993-1995,3,5,0,74,33,14.8,0,0,1,PAK
RJ Bailey,1990-1990,3,6,0,73,42,12.16,0,0,2,ENG
Bilal Asif,2018-2018,5,8,0,73,15,9.12,0,0,2,PAK
S Elworthy,1998-2002,4,5,1,72,48,18,0,0,0,SA
KO Meth,2013-2013,2,4,1,72,31,24,0,0,0,ZIM
WJ Pucovski,2021-2021,1,2,0,72,62,36,0,1,0,AUS
A Sanford,2002-2004,11,17,2,72,18,4.8,0,0,2,WI
GJ Hopkins,2008-2010,4,7,1,71,15,11.83,0,0,0,NZ
SP James,1998-1998,2,4,0,71,36,17.75,0,0,1,ENG
JJ Krejza,2008-2008,2,4,1,71,32,23.66,0,0,0,AUS
JE Morris,1990-1990,3,5,2,71,32,23.66,0,0,0,ENG
Zafar Gohar,2021-2021,1,2,0,71,37,35.5,0,0,0,PAK
Bilawal Bhatti,2013-2014,2,3,1,70,32,35,0,0,0,PAK
NW Bracken,2003-2005,5,6,2,70,37,17.5,0,0,0,AUS
GJ Crocker,1992-1992,3,4,1,69,33,23,0,0,0,ZIM
DK Liyanage,1992-2001,9,9,0,69,23,7.66,0,0,1,SL
Mohammad Shahzad,2018-2019,2,4,0,69,40,17.25,0,0,0,AFG
AC Waller,1996-1996,2,3,0,69,50,23,0,1,0,ZIM
JP Greaves,2024-2024,2,4,0,68,33,17,0,0,0,WI
T Maruma,2013-2021,4,7,0,68,41,9.71,0,0,3,ZIM
JT Ball,2016-2017,4,8,0,67,31,8.37,0,0,1,ENG
WD Parnell,2010-2017,6,4,0,67,23,16.75,0,0,0,SA
MW Pringle,1992-1995,4,6,2,67,33,16.75,0,0,0,SA
CP Schofield,2000-2000,2,3,0,67,57,22.33,0,1,1,ENG
PM Such,1993-1999,11,16,5,67,14,6.09,0,0,3,ENG
SW Billings,2022-2022,3,3,0,66,36,22,0,0,0,ENG
N Brand,2024-2024,2,4,0,66,34,16.5,0,0,0,SA
G Coetzee,2023-2023,3,5,1,66,20,16.5,0,0,0,SA
TK Curran,2017-2018,2,3,1,66,39,33,0,0,0,ENG
M Hayward,1999-2004,16,17,8,66,14,7.33,0,0,3,SA
RD King,1999-2005,19,27,8,66,12,3.47,0,0,7,WI
A Kuruvilla,1997-1997,10,11,1,66,35,6.6,0,0,5,IND
Mustafizur Rahman,2015-2022,15,22,7,66,16,4.4,0,0,8,BAN
D Olivier,2017-2024,16,21,10,66,15,6,0,0,4,SA
D Paterson,2020-2024,4,8,3,66,39,13.2,0,0,1,SA
KSC de Silva,1997-1999,8,12,5,65,27,9.28,0,0,2,SL
CW Henderson,2001-2002,7,7,0,65,30,9.28,0,0,1,SA
AJ Hollioake,1997-1998,4,6,0,65,45,10.83,0,0,1,ENG
D Padikkal,2024-2024,1,1,0,65,65,65,0,1,0,IND
Naved Ashraf,1998-2000,2,3,0,64,32,21.33,0,0,0,PAK
K Sinclair,2024-2024,1,2,1,64,50,64,0,1,0,WI
SR Thompson,2018-2019,3,6,0,64,53,10.66,0,1,1,IRE
R van Tonder,2024-2024,2,4,0,64,32,16,0,0,1,SA
S Badrinath,2010-2010,2,3,0,63,56,21,0,1,0,IND
RM Patidar,2024-2024,3,6,0,63,32,10.5,0,0,2,IND
VA Singh,2017-2017,3,6,0,63,32,10.5,0,0,0,WI
JA Rennie,1993-1997,4,6,1,62,22,12.4,0,0,1,ZIM
Iftikhar Ahmed,2016-2022,4,6,1,61,27,12.2,0,0,1,PAK
PJ Ingram,2010-2010,2,4,0,61,42,15.25,0,0,0,NZ
WR James,1993-1994,4,4,0,61,33,15.25,0,0,0,ZIM
NC McGarrell,2001-2001,4,6,2,61,33,15.25,0,0,1,WI
MM Patel,2006-2011,13,14,6,60,15,7.5,0,0,4,IND
SG Peall,1993-1994,4,6,2,60,30,15,0,0,2,ZIM
MR Whitney,1991-1992,8,12,6,60,13,10,0,0,1,AUS
Enamul Haque jnr,2003-2013,15,26,16,59,13,5.9,0,0,4,BAN
RL Johnson,2003-2003,3,4,0,59,26,14.75,0,0,0,ENG
R Kaia,2021-2021,3,6,0,59,48,9.83,0,0,4,ZIM
M Theekshana,2022-2022,2,3,0,59,38,19.66,0,0,0,SL
CE Cuffy,1994-2002,15,23,9,58,15,4.14,0,0,6,WI
PL Mhambrey,1996-1996,2,3,1,58,28,29,0,0,0,IND
JA Morkel,2009-2009,1,1,0,58,58,58,0,1,0,SA
WTS Porterfield,2018-2019,3,6,0,58,32,9.66,0,0,1,IRE
S Joseph,2024-2024,2,4,2,57,36,28.5,0,0,0,WI
Mohammad Shahid,2015-2015,5,6,1,57,25,11.4,0,0,0,BAN
VM Nyauchi,2020-2023,8,13,4,57,13,6.33,0,0,3,ZIM
JL Ontong,2002-2004,2,4,1,57,32,19,0,0,1,SA
BP Patterson,1990-1992,11,17,5,57,15,4.75,0,0,4,WI
DP Viljoen,1998-2000,2,4,0,57,38,14.25,0,0,2,ZIM
KADM Fernando,2003-2003,2,3,1,56,51,28,0,1,0,SL
LM Jongwe,2021-2021,1,2,0,56,37,28,0,0,0,ZIM
DV Lawrence,1991-1992,4,5,0,56,34,11.2,0,0,0,ENG
G Motie,2022-2024,5,6,2,56,23,14,0,0,0,WI
MG Neser,2021-2022,2,3,0,56,35,18.66,0,0,0,AUS
NV Ojha,2015-2015,1,2,0,56,35,28,0,0,0,IND
MW Priest,1990-1998,3,4,0,56,26,14,0,0,0,NZ
HWR Cartwright,2017-2017,2,2,0,55,37,27.5,0,0,0,AUS
Mohammad Wasim (1),2022-2022,2,4,1,55,43,18.33,0,0,0,PAK
BA Parchment,2008-2008,2,4,0,55,20,13.75,0,0,0,WI
OP Stone,2019-2021,3,6,0,55,20,9.16,0,0,2,ENG
DE Bollinger,2009-2010,12,14,7,54,21,7.71,0,0,3,AUS
MG Burmester,1992-1992,3,4,2,54,30,27,0,0,1,ZIM
Humayun Farhat,2001-2001,1,2,0,54,28,27,0,0,0,PAK
O Henry,1992-1993,3,3,0,53,34,17.66,0,0,0,SA
D Myers,2021-2021,1,2,0,53,27,26.5,0,0,0,ZIM
A Phillip,2022-2022,2,3,1,53,43,26.5,0,0,0,WI
RL Powell,1999-2004,2,3,0,53,30,17.66,0,0,1,WI
Abdur Rauf,2009-2009,3,6,0,52,31,8.66,0,0,2,PAK
Abrar Ahmed,2022-2023,6,8,4,52,17,13,0,0,1,PAK
CN Evans,1996-2003,3,6,0,52,22,8.66,0,0,0,ZIM
Fahim Muntasir,2002-2002,3,6,0,52,33,8.66,0,0,1,BAN
Fazl-e-Akbar,1998-2004,5,8,4,52,25,13,0,0,2,PAK
JW Hastings,2012-2012,1,2,0,52,32,26,0,0,0,AUS
JJC Lawson,2002-2005,13,21,6,52,14,3.46,0,0,6,WI
S Mahmood,2022-2022,2,2,1,52,49,52,0,0,0,ENG
Talha Jubair,2002-2004,7,14,6,52,31,6.5,0,0,6,BAN
BV Vitori,2011-2013,4,7,2,52,19,10.4,0,0,2,ZIM
L Balaji,2003-2005,8,9,0,51,31,5.66,0,0,4,IND
XJ Doherty,2010-2013,4,7,3,51,18,12.75,0,0,0,AUS
Kamrul Islam Rabbi,2016-2018,7,14,5,51,25,5.66,0,0,5,BAN
Nasir Jamshed,2013-2013,2,4,0,51,46,12.75,0,0,1,PAK
Rahmanullah Gurbaz,2024-2024,1,2,0,51,46,25.5,0,0,0,AFG
Ebadot Hossain,2019-2023,20,32,16,50,21,3.12,0,0,10,BAN
R Ngarava,2021-2023,4,7,2,50,19,10,0,0,2,ZIM
ZS Ansari,2016-2016,3,5,0,49,32,9.8,0,0,2,ENG
Mohammad Salim,2003-2003,2,4,1,49,26,16.33,0,0,1,BAN
SM Boland,2021-2023,10,11,4,47,20,6.71,0,0,2,AUS
EC Joyce,2018-2018,1,2,0,47,43,23.5,0,0,0,IRE
R McLaren,2010-2014,2,3,1,47,33,23.5,0,0,0,SA
Mohammad Ayub,2012-2012,1,2,0,47,25,23.5,0,0,0,PAK
VRV Singh,2006-2007,5,6,2,47,29,11.75,0,0,0,IND
TL Tsolekile,2004-2004,3,5,0,47,22,9.4,0,0,1,SA
W Watson,1990-1993,12,15,5,47,11,4.7,0,0,3,NZ
GA Lamb,2011-2011,1,2,0,46,39,23,0,0,0,ZIM
DL Maddy,1999-2000,3,4,0,46,24,11.5,0,0,0,ENG
BJ Arnel,2010-2012,6,12,4,45,8,5.62,0,0,3,NZ
MP Bicknell,1993-2003,4,7,0,45,15,6.42,0,0,3,ENG
RP de Groen,1993-1994,5,10,4,45,26,7.5,0,0,1,NZ
JP Faulkner,2013-2013,1,2,0,45,23,22.5,0,0,0,AUS
MM Patel,1996-1996,2,2,0,45,27,22.5,0,0,0,ENG
Qais Ahmad,2019-2024,2,4,0,45,21,11.25,0,0,0,AFG
JC Tredwell,2010-2015,2,2,0,45,37,22.5,0,0,0,ENG
GC Wilson,2018-2019,2,4,1,45,33,15,0,0,2,IRE
BC Hollioake,1997-1998,2,4,0,44,28,11,0,0,1,ENG
WP Masakadza,2018-2023,3,6,1,44,17,8.8,0,0,0,ZIM
Sharjeel Khan,2017-2017,1,2,0,44,40,22,0,0,0,PAK
JM Bird,2012-2017,9,9,6,43,19,14.33,0,0,1,AUS
T Makoni,2023-2023,2,4,0,43,33,10.75,0,0,1,ZIM
WB Rankin,2014-2019,3,6,1,43,17,8.6,0,0,1,IRE
MAR Samarasekera,1990-1991,2,4,0,43,19,10.75,0,0,0,SL
Sarandeep Singh,2000-2002,3,2,1,43,39,43,0,0,0,IND
MKGCP Lakshitha,2002-2002,2,3,0,42,40,14,0,0,1,SL
J Cameron-Dow,2019-2019,1,2,1,41,32,41,0,0,0,IRE
JNT Seales,2021-2022,10,15,8,41,13,5.85,0,0,2,WI
CT Mutombodzi,2020-2020,1,2,0,41,33,20.5,0,0,0,ZIM
Naveed Zadran,2024-2024,2,4,1,41,25,13.66,0,0,0,AFG
TM Alderman,1990-1991,8,11,4,40,26,5.71,0,0,3,AUS
SP Narine,2012-2013,6,7,2,40,22,8,0,0,1,WI
PJ Newport,1991-1991,1,2,1,40,40,40,0,0,1,ENG
S von Berg,2024-2024,1,2,0,40,38,20,0,0,0,SA
RA Austin,2009-2009,2,4,0,39,19,9.75,0,0,1,WI
SV Bahutule,2001-2001,2,4,1,39,21,13,0,0,2,IND
GK Bruk-Jackson,1993-1993,2,4,0,39,31,9.75,0,0,1,ZIM
TA Copeland,2011-2011,3,4,1,39,23,13,0,0,0,AUS
EAR de Silva,1991-1991,3,5,1,39,26,9.75,0,0,2,SL
Masood Anwar,1990-1990,1,2,0,39,37,19.5,0,0,0,PAK
Elias Sunny,2011-2013,4,6,1,38,20,7.6,0,0,2,BAN
KHRK Fernando,2002-2002,2,4,0,38,24,9.5,0,0,2,SL
J Nyumbu,2014-2016,3,6,1,38,14,7.6,0,0,0,ZIM
J Ormond,2001-2001,2,4,1,38,18,12.66,0,0,1,ENG
SK Sharma,1990-1990,1,2,0,38,38,19,0,0,1,IND
Khaled Ahmed,2018-2024,14,24,7,38,22,2.23,0,0,12,BAN
G Wijekoon,2005-2005,2,3,0,38,14,12.66,0,0,0,SL
NF Williams,1990-1990,1,1,0,38,38,38,0,0,0,ENG
DJ Pagon,2005-2005,2,3,0,37,35,12.33,0,0,1,WI
Syed Rasel,2005-2007,6,12,4,37,19,4.62,0,0,2,BAN
Usman Salahuddin,2018-2018,1,2,0,37,33,18.5,0,0,0,PAK
Abu Jayed,2018-2021,13,22,8,36,8,2.57,0,0,7,BAN
SKL de Silva,1997-1997,3,4,2,36,20,18,0,0,1,SL
AM Fernando,2021-2024,14,19,7,36,10,3,0,0,7,SL
NA Foster,1993-1993,1,2,0,36,20,18,0,0,0,ENG
GI Hume,2023-2023,3,6,1,36,14,7.2,0,0,1,IRE
Mohammad Ramzan,1997-1997,1,2,0,36,29,18,0,0,0,PAK
JD Unadkat,2010-2023,4,5,2,36,14,12,0,0,0,IND
KPJ Warnaweera,1990-1994,9,10,3,36,20,5.14,0,0,2,SL
VR Aaron,2011-2015,9,14,5,35,9,3.88,0,0,1,IND
J Angel,1993-1995,4,7,1,35,11,5.83,0,0,2,AUS
GB Brent,1999-2001,4,6,0,35,25,5.83,0,0,3,ZIM
EA Moseley,1990-1990,2,4,0,35,26,8.75,0,0,1,WI
PC Strydom,2000-2000,2,3,0,35,30,11.66,0,0,0,SA
AP Kuiper,1992-1992,1,2,0,34,34,17,0,0,1,SA
M Mbangwa,1996-2000,15,25,8,34,8,2,0,0,9,ZIM
Mohammad Talha,2009-2014,4,5,1,34,19,8.5,0,0,1,PAK
Nadeem Khan,1993-1999,2,3,1,34,25,17,0,0,0,PAK
JP Taylor,1993-1994,2,4,2,34,17,17,0,0,1,ENG
Farhan Adil,2003-2003,1,2,0,33,25,16.5,0,0,0,PAK
Mohammad Nabi,2018-2019,3,6,0,33,24,5.5,0,0,3,AFG
PDRL Perera,1999-2002,8,9,6,33,11,11,0,0,1,SL
Saim Ayub,2024-2024,1,2,0,33,33,16.5,0,0,1,PAK
Shoaib Bashir,2024-2024,3,6,3,33,13,11,0,0,2,ENG
Yamin Ahmadzai,2018-2023,6,11,0,33,18,3,0,0,4,AFG
Bazid Khan,2005-2005,1,2,0,32,23,16,0,0,0,PAK
NT Broom,2017-2017,2,3,0,32,20,10.66,0,0,1,NZ
RJ Kirtley,2003-2003,4,7,1,32,12,5.33,0,0,0,ENG
Naved Anjum,1990-1990,1,2,0,32,22,16,0,0,0,PAK
Aamer Nazir,1993-1995,6,11,6,31,11,6.2,0,0,2,PAK
Arshad Khan,1997-2005,9,8,2,31,9,5.16,0,0,1,PAK
CS Pandit,1992-1992,2,3,0,31,15,10.33,0,0,0,IND
DC Thomas,2022-2022,1,2,0,31,19,15.5,0,0,0,WI
DJ White,1990-1990,2,4,0,31,18,7.75,0,0,0,NZ
WK Hegg,1998-1999,2,4,0,30,15,7.5,0,0,0,ENG
MDUS Jayasundera,2015-2015,2,4,0,30,26,7.5,0,0,1,SL
G Onions,2009-2012,9,10,7,30,17,10,0,0,3,ENG
MJ Potts,2022-2023,6,6,2,30,19,7.5,0,0,1,ENG
V Yadav,1993-1993,1,1,0,30,30,30,0,0,0,IND
Zahoor Elahi,1996-1996,2,3,0,30,22,10,0,0,0,PAK
Ijaz Ahmed jnr,1995-1995,2,3,0,29,16,9.66,0,0,0,PAK
Ikram Alikhil,2019-2024,2,3,0,29,21,9.66,0,0,0,AFG
IR Siddiqui,2001-2001,1,2,1,29,24,29,0,0,0,IND
CEW Silverwood,1996-2002,6,7,3,29,10,7.25,0,0,2,ENG
DN Wellalage,2022-2022,1,2,0,29,18,14.5,0,0,0,SL
ND Hirwani,1990-1996,10,13,8,28,15,5.6,0,0,4,IND
MC Ilott,1993-1995,5,6,2,28,15,7,0,0,0,ENG
RJ Kennedy,1996-1996,4,5,1,28,22,7,0,0,2,NZ
Mohammad Irfan,2013-2013,4,7,2,28,14,5.6,0,0,2,PAK
S Moseley,2021-2021,2,4,0,28,12,7,0,0,0,WI
RJ Nicol,2012-2012,2,4,0,28,19,7,0,0,0,NZ
MJ Swepson,2022-2022,4,5,1,28,15,7,0,0,1,AUS
TE Tsiga,2023-2023,2,4,1,28,24,9.33,0,0,1,ZIM
R Vijay Bharadwaj,1999-2000,3,3,0,28,22,9.33,0,0,1,IND
GI Allott,1996-1999,10,15,7,27,8,3.37,0,0,4,NZ
TS Chisoro,2017-2021,3,5,0,27,9,5.4,0,0,1,ZIM
LV Garrick,2001-2001,1,2,0,27,27,13.5,0,0,1,WI
RK Kleinveldt,2012-2013,4,5,2,27,17,9,0,0,2,SA
J Lewis,2006-2006,1,2,0,27,20,13.5,0,0,0,ENG
NJ Maddinson,2016-2016,3,4,0,27,22,6.75,0,0,1,AUS
RR Singh,1998-1998,1,2,0,27,15,13.5,0,0,0,IND
Atiq-uz-Zaman,2000-2000,1,2,0,26,25,13,0,0,0,PAK
A Habib,1999-1999,2,3,0,26,19,8.66,0,0,0,ENG
DSBP Kuruppu,1991-1991,1,2,0,26,21,13,0,0,0,SL
RR Ramdass,2005-2005,1,2,0,26,23,13,0,0,0,WI
GC Viljoen,2016-2016,1,2,1,26,20,26,0,0,0,SA
Atif Rauf,1994-1994,1,2,0,25,16,12.5,0,0,0,PAK
D Ganesh,1997-1997,4,7,3,25,8,6.25,0,0,0,IND
AJ McKay,2010-2010,1,2,1,25,20,25,0,0,0,NZ
Mohammad Salman,2011-2011,2,4,0,25,13,6.25,0,0,1,PAK
CT Mumba,2016-2020,3,5,2,25,11,8.33,0,0,0,ZIM
TA Munton,1992-1992,2,2,1,25,25,25,0,0,1,ENG
GC Tonge,2009-2009,1,2,1,25,23,25,0,0,0,WI
SL Watkin,1991-1993,3,5,0,25,13,5,0,0,1,ENG
LB Williams,2022-2022,2,3,0,25,13,8.33,0,0,1,SA
RP Burl,2017-2021,3,5,0,24,16,4.8,0,0,3,ZIM
Kabir Khan,1994-1995,4,5,2,24,10,8,0,0,1,PAK
SH Lewis,2018-2018,2,4,0,24,20,6,0,0,2,WI
Mohammad Akram,1995-2001,9,15,6,24,10,2.66,0,0,5,PAK
Mohammad Naim,2022-2022,1,2,0,24,24,12,0,0,1,BAN
F Mutizwa,2012-2012,1,2,0,24,18,12,0,0,0,ZIM
CEL Stuart,2000-2001,6,9,2,24,12,3.42,0,0,2,WI
Sunzamul Islam,2018-2018,1,1,0,24,24,24,0,0,0,BAN
LS Baker,2008-2009,4,6,4,23,17,11.5,0,0,1,WI
IP Butchart,1995-1995,1,2,0,23,15,11.5,0,0,0,ZIM
C Fortuin,2024-2024,2,4,0,23,11,5.75,0,0,1,SA
PW Jarvis,1993-1993,3,6,0,23,8,3.83,0,0,1,ENG
RA Jones,2003-2003,1,2,0,23,16,11.5,0,0,0,NZ
EM Moore,2024-2024,1,2,0,23,23,11.5,0,0,1,SA
PR Sleep,1990-1990,1,2,0,23,23,11.5,0,0,1,AUS
ML Udawatte,2018-2018,2,4,0,23,19,5.75,0,0,2,SL
BA Williams,2003-2004,4,6,3,23,10,7.66,0,0,1,AUS
Zia-ur-Rehman,2024-2024,2,4,0,23,13,5.75,0,0,1,AFG
Abdul Malik (1),2021-2023,2,4,0,22,17,5.5,0,0,2,AFG
Anwar Hossain Monir,2003-2005,3,6,3,22,13,7.33,0,0,1,BAN
C Karunaratne,2019-2019,1,2,0,22,22,11,0,0,1,SL
CKB Kulasekara,2011-2011,1,2,0,22,15,11,0,0,0,SL
PE McIntyre,1995-1996,2,4,1,22,16,7.33,0,0,2,AUS
WN Phillips,1992-1992,1,2,0,22,14,11,0,0,0,AUS
D Pretorius,2002-2003,4,4,1,22,9,7.33,0,0,1,SA
Tareq Aziz,2004-2004,3,6,4,22,10,11,0,0,2,BAN
MI Black,2000-2002,6,11,3,21,6,2.62,0,0,4,WI
Ehsan Adil,2013-2015,3,4,0,21,12,5.25,0,0,2,PAK
NR Ferreira,2005-2005,1,2,0,21,16,10.5,0,0,0,ZIM
MJ McCague,1993-1994,3,5,0,21,11,4.2,0,0,2,ENG
GA Manou,2009-2009,1,2,1,21,13,21,0,0,0,AUS
DJ Pattinson,2008-2008,1,2,0,21,13,10.5,0,0,0,ENG
HT Davis,1994-1997,5,7,4,20,8,6.66,0,0,0,NZ
F de Wet,2009-2010,2,2,0,20,20,10,0,0,1,SA
I Khan,2009-2009,1,1,0,20,20,20,0,0,0,SA
Naved Latif,2002-2002,1,2,0,20,20,10,0,0,1,PAK
Saleem Jaffar,1990-1992,4,4,2,20,10,10,0,0,1,PAK
T Shamsi,2016-2018,2,4,3,20,18,20,0,0,0,SA
SW Tait,2005-2008,3,5,2,20,8,6.66,0,0,0,AUS
JC Tongue,2023-2023,2,2,0,20,19,10,0,0,0,ENG
Mansoor Akhtar,1990-1990,1,2,0,19,14,9.5,0,0,0,PAK
AL Phehlukwayo,2017-2018,4,4,2,19,9,9.5,0,0,1,SA
LL Tsotsobe,2010-2011,5,5,2,19,8,6.33,0,0,2,SA
AR Adams,2002-2002,1,2,0,18,11,9,0,0,0,NZ
Gursharan Singh,1990-1990,1,1,0,18,18,18,0,0,0,IND
MAWR Madurasinghe,1990-1992,2,4,1,18,11,6,0,0,1,SL
Mir Hamza,2018-2024,5,10,5,18,7,3.6,0,0,3,PAK
Mohammad Hussain,1996-1998,2,3,0,18,17,6,0,0,1,PAK
Mujeeb Ur Rahman,2018-2018,1,2,0,18,15,9,0,0,0,AFG
RAP Nissanka,2003-2003,4,5,2,18,12,6,0,0,2,SL
NJ O'Brien,2018-2018,1,2,0,18,18,9,0,0,1,IRE
BA Reid,1990-1992,9,12,4,18,5,2.25,0,0,5,AUS
JA Richardson,2019-2021,3,3,0,18,9,6,0,0,0,AUS
Sajedul Islam,2008-2013,3,6,0,18,6,3,0,0,1,BAN
Zahid Mahmood,2022-2022,2,4,0,18,17,4.5,0,0,2,PAK
GA Briant,1993-1993,1,2,0,17,16,8.5,0,0,0,ZIM
R Dhanraj,1994-1996,4,4,0,17,9,4.25,0,0,0,WI
EZ Matambanadzo,1996-1999,3,5,1,17,7,4.25,0,0,1,ZIM
N Ncube,2011-2011,1,2,0,17,14,8.5,0,0,0,ZIM
CG Rackemann,1990-1991,5,6,2,17,9,4.25,0,0,1,AUS
Sohail Tanvir,2007-2007,2,3,0,17,13,5.66,0,0,1,PAK
PIC Thompson,1996-1997,2,3,1,17,10,8.5,0,0,0,WI
Imran Khan,2014-2019,10,10,3,16,6,2.28,0,0,5,PAK
CK Langeveldt,2005-2006,6,4,2,16,10,8,0,0,1,SA
LS Livingstone,2022-2022,1,2,1,16,9,16,0,0,0,ENG
BS Mudzinganyama,2020-2020,1,1,0,16,16,16,0,0,0,ZIM
Nazmul Hossain,2004-2011,2,4,2,16,8,8,0,0,2,BAN
Nijat Masood,2023-2024,3,6,1,16,12,3.2,0,0,4,AFG
MB Owens,1992-1994,8,12,6,16,8,2.66,0,0,5,NZ
DJ Terbrugge,1998-2004,7,8,5,16,4,5.33,0,0,2,SA
SS Karim,2000-2000,1,1,0,15,15,15,0,0,0,IND
TL Moreki,2024-2024,2,4,2,15,6,7.5,0,0,0,SA
C Munro,2013-2013,1,2,0,15,15,7.5,0,0,1,NZ
T Mupariwa,2004-2004,1,2,1,15,14,15,0,0,0,ZIM
W Mwayenga,2005-2005,1,2,1,15,14,15,0,0,0,ZIM
L Sipamla,2020-2022,3,4,1,15,10,5,0,0,2,SA
Sohrawordi Shuvo,2011-2011,1,2,0,15,15,7.5,0,0,1,BAN
AGD Wickremasinghe,1992-1992,2,2,1,15,13,15,0,0,0,SL
Anwar Hossain,2002-2002,1,2,0,14,12,7,0,0,0,BAN
Azam Khan,1996-1996,1,1,0,14,14,14,0,0,0,PAK
TE Kane,2018-2018,1,2,0,14,14,7,0,0,1,IRE
Manzoor Elahi,1995-1995,2,4,1,14,13,4.66,0,0,2,PAK
MJ Nicholson,1998-1998,1,2,0,14,9,7,0,0,0,AUS
Subashis Roy,2017-2017,4,6,5,14,12,14,0,0,1,BAN
JDF Vandersay,2022-2022,1,2,0,14,8,7,0,0,0,SL
KIW Wijegunawardene,1991-1992,2,4,1,14,6,4.66,0,0,0,SL
Ziaur Rahman,2013-2013,1,2,0,14,14,7,0,0,1,BAN
Jubair Hossain,2014-2015,6,5,2,13,7,4.33,0,0,1,BAN
Munir Ahmad,2021-2021,1,2,0,13,12,6.5,0,0,0,AFG
RR Powar,2007-2007,2,2,0,13,7,6.5,0,0,0,IND
S Ragoonath,1999-1999,2,4,1,13,9,4.33,0,0,1,WI
BM Tickner,2023-2023,3,3,2,13,8,13,0,0,0,NZ
KP Walmsley,1995-2000,3,5,0,13,5,2.6,0,0,2,NZ
CAK Walton,2009-2009,2,4,0,13,10,3.25,0,0,1,WI
Abdul Wasi,2021-2021,1,2,0,12,9,6,0,0,0,AFG
Haris Rauf,2022-2022,1,2,0,12,12,6,0,0,1,PAK
PA Horne,1990-1990,1,2,0,12,12,6,0,0,1,NZ
P Jayawickrama,2021-2022,5,6,5,12,8,12,0,0,1,SL
MP Kuhnemann,2023-2023,3,5,2,12,6,4,0,0,1,AUS
NT Pascal,2010-2010,2,2,0,12,10,6,0,0,0,WI
Wafadar Momand,2018-2019,2,3,1,12,6,6,0,0,1,AFG
BJ Bess,2010-2010,1,2,1,11,11,11,0,0,1,WI
SJE Brown,1996-1996,1,2,1,11,10,11,0,0,0,ENG
SS Cottrell,2013-2014,2,4,0,11,5,2.75,0,0,1,WI
MJ Humphreys,2023-2023,1,2,1,11,7,11,0,0,0,IRE
MJ Mindley,2022-2022,1,2,1,11,11,11,0,0,1,WI
GA Stuurman,2022-2022,2,2,0,11,11,5.5,0,0,1,SA
AJ Traicos,1992-1993,4,6,2,11,5,2.75,0,0,1,ZIM
R Vinay Kumar,2012-2012,1,2,0,11,6,5.5,0,0,0,IND
BT Watambwa,2001-2002,6,8,5,11,4,3.66,0,0,2,ZIM
Kabir Ali,2003-2003,1,2,0,10,9,5,0,0,0,ENG
N Burger,2023-2024,2,3,1,10,6,5,0,0,1,SA
B Casson,2008-2008,1,1,0,10,10,10,0,0,0,AUS
AC Dawson,2003-2003,2,1,0,10,10,10,0,0,0,SA
AM de Silva,1993-1993,3,3,0,10,9,3.33,0,0,1,SL
WRS de Silva,2002-2007,3,2,1,10,5,10,0,0,0,SL
CJ Drum,2001-2002,5,5,2,10,4,3.33,0,0,1,NZ
ESH Giddins,1999-2000,4,7,3,10,7,2.5,0,0,3,ENG
CJ McKay,2009-2009,1,1,0,10,10,10,0,0,0,AUS
JM Mennie,2016-2016,1,2,0,10,10,5,0,0,1,AUS
DT Mutendera,2000-2000,1,2,0,10,10,5,0,0,1,ZIM
Pankaj Singh,2014-2014,2,4,1,10,9,3.33,0,0,2,IND
KEA Upashantha,1999-2002,2,3,0,10,6,3.33,0,0,0,SL
PK Wijetunge,1993-1993,1,2,0,10,10,5,0,0,1,SL
Akash Deep,2024-2024,1,1,0,9,9,9,0,0,0,IND
EAE Baptiste,1990-1990,1,1,0,9,9,9,0,0,0,WI
TL Chivanga,2023-2023,1,2,1,9,6,9,0,0,0,ZIM
JJ Crowe,1990-1990,1,1,0,9,9,9,0,0,0,NZ
M de Lange,2011-2012,2,2,0,9,9,4.5,0,0,1,SA
BE Hendricks,2020-2020,1,2,1,9,5,9,0,0,0,SA
Mohammad Khalil,2004-2005,2,4,1,9,5,3,0,0,1,PAK
A Ndlovu,2020-2020,2,4,0,9,5,2.25,0,0,2,ZIM
RJ Quiney,2012-2012,2,3,0,9,9,3,0,0,2,AUS
Riaz Afridi,2004-2004,1,1,0,9,9,9,0,0,0,PAK
BN Schultz,1992-1997,9,8,2,9,6,1.5,0,0,3,SA
MRJ Veletta,1990-1990,1,1,0,9,9,9,0,0,0,AUS
Alamgir Kabir,2002-2004,3,5,1,8,4,2,0,0,2,BAN
JR Bracey,2021-2021,2,3,0,8,8,2.66,0,0,2,ENG
F Hand,2023-2023,1,2,0,8,7,4,0,0,0,IRE
Hasan Mahmud,2024-2024,1,2,1,8,6,8,0,0,0,BAN
DJ Johnson,1996-1996,2,3,1,8,5,4,0,0,0,IND
S Kalavitigoda,2005-2005,1,2,0,8,7,4,0,0,0,SL
ACI Lock,1995-1995,1,2,1,8,8,8,0,0,1,ZIM
NA Mallender,1992-1992,2,3,0,8,4,2.66,0,0,0,ENG
N M'shangwe,2014-2014,2,4,0,8,8,2,0,0,3,ZIM
MW Parkinson,2022-2022,1,1,0,8,8,8,0,0,0,ENG
U Ranchod,1993-1993,1,2,0,8,7,4,0,0,0,ZIM
NA Saini,2021-2021,2,3,1,8,5,4,0,0,0,IND
KV Sharma,2014-2014,1,2,1,8,4,8,0,0,0,IND
SA Yadav,2023-2023,1,1,0,8,8,8,0,0,0,IND
Zahir Khan,2019-2024,5,10,6,8,4,2,0,0,4,AFG
Abdul Qadir,1990-1990,4,3,1,7,6,3.5,0,0,1,PAK
Bahir Shah,2023-2023,1,1,0,7,7,7,0,0,0,AFG
RJ Blakey,1993-1993,2,4,0,7,6,1.75,0,0,2,ENG
N Chopra,2000-2000,1,2,0,7,4,3.5,0,0,0,IND
Ehsanul Haque,2002-2002,1,2,0,7,5,3.5,0,0,0,BAN
B Evans,2023-2023,1,2,0,7,7,3.5,0,0,1,ZIM
Faisal Hossain,2004-2004,1,2,0,7,5,3.5,0,0,0,BAN
SD Jack,1994-1995,2,2,0,7,7,3.5,0,0,1,SA
Khurram Shahzad,2023-2023,1,2,0,7,7,3.5,0,0,1,PAK
Mohammad Zahid,1996-2003,5,6,1,7,6,1.4,0,0,4,PAK
Rafiqul Islam,2002-2002,1,2,0,7,6,3.5,0,0,0,BAN
MA Beer,2011-2012,2,3,1,6,2,3,0,0,0,AUS
M Bhanuka,2021-2021,1,2,0,6,5,3,0,0,0,SL
PP Chawla,2006-2012,3,3,0,6,4,2,0,0,0,IND
M Commins,2023-2023,2,4,0,6,5,1.5,0,0,2,IRE
MS Crane,2018-2018,1,2,0,6,4,3,0,0,0,ENG
AC Dale,1998-1999,2,3,0,6,5,2,0,0,1,AUS
PLS Gamage,2017-2018,5,8,4,6,3,1.5,0,0,1,SL
Harvinder Singh,1998-2001,3,4,1,6,6,2,0,0,2,IND
JM Holland,2016-2018,4,7,5,6,3,3,0,0,0,AUS
Mohsin Kamal,1994-1994,2,4,2,6,4,3,0,0,0,PAK
MW Rushmere,1992-1992,1,2,0,6,3,3,0,0,0,SA
KJ Silva,1995-1998,7,4,1,6,6,2,0,0,3,SL
SG Borthwick,2014-2014,1,2,0,5,4,2.5,0,0,0,ENG
GR Breese,2002-2002,1,2,0,5,5,2.5,0,0,1,WI
JN Hamilton,2019-2019,1,2,0,5,5,2.5,0,0,1,WI
TP Kamungozi,2014-2014,1,2,0,5,5,2.5,0,0,1,ZIM
NM Kulkarni,1997-2001,3,2,1,5,4,5,0,0,0,IND
Mahbubul Alam,2008-2008,4,7,3,5,2,1.25,0,0,2,BAN
BJ McCarthy,2024-2024,1,1,0,5,5,5,0,0,0,IRE
NO Miller,2009-2009,1,2,0,5,5,2.5,0,0,1,WI
S Prasanna,2011-2011,1,1,0,5,5,5,0,0,0,SL
SMSM Senanayake,2013-2014,1,1,0,5,5,5,0,0,0,SL
A Shahzad,2010-2010,1,1,0,5,5,5,0,0,0,ENG
HK Bennett,2010-2010,1,1,0,4,4,4,0,0,0,NZ
ID Blackwell,2006-2006,1,1,0,4,4,4,0,0,0,ENG
GD Campbell,1990-1990,2,3,0,4,4,1.33,0,0,2,AUS
CJ Ferguson,2016-2016,1,2,0,4,3,2,0,0,0,AUS
MJ Haslam,1992-1995,4,2,1,4,3,4,0,0,0,NZ
AP Igglesden,1994-1994,2,4,2,4,3,2,0,0,2,ENG
Irfan Fazil,2000-2000,1,2,1,4,3,4,0,0,0,PAK
MP Jarvis,1992-1994,5,3,1,4,2,2,0,0,1,ZIM
Nazmul Islam,2018-2018,1,2,0,4,4,2,0,0,1,BAN
AM Smith,1997-1997,1,2,1,4,4,4,0,0,1,ENG
T Stubbs,2024-2024,1,2,0,4,3,2,0,0,0,SA
S Young,1997-1997,1,2,1,4,4,4,0,0,1,AUS
ST Banerjee,1992-1992,1,1,0,3,3,3,0,0,0,IND
IS Gallage,1999-1999,1,1,0,3,3,3,0,0,0,SL
RA Harper,1993-1993,1,1,0,3,3,3,0,0,0,WI
MJ Mason,2004-2004,1,2,0,3,3,1.5,0,0,1,NZ
CK Tshuma,2020-2020,1,2,0,3,3,1.5,0,0,1,ZIM
AP Wells,1995-1995,1,2,1,3,3,3,0,0,1,ENG
PR George,2010-2010,1,2,0,2,2,1,0,0,1,AUS
BE McGain,2009-2009,1,2,0,2,2,1,0,0,1,AUS
Mohammad Saleem,2024-2024,1,2,0,2,2,1,0,0,1,AFG
Qaiser Abbas,2000-2000,1,1,0,2,2,2,0,0,0,PAK
Ranjan Das,2000-2000,1,2,0,2,2,1,0,0,1,BAN
AD Russell,2010-2010,1,1,0,2,2,2,0,0,0,WI
RL Sanghvi,2001-2001,1,2,0,2,2,1,0,0,1,IND
Ashfaq Ahmed,1993-1993,1,2,1,1,1,1,0,0,1,PAK
MT Chinouya,2016-2016,2,4,2,1,1,0.5,0,0,1,ZIM
S Nadeem,2019-2021,2,3,1,1,1,0.5,0,0,2,IND
SW Poynter,2019-2019,1,2,0,1,1,0.5,0,0,1,IRE
MJ Saggers,2003-2004,3,3,0,1,1,0.33,0,0,2,ENG
Shakeel Ahmed snr,1998-1998,1,1,0,1,1,1,0,0,0,PAK
TF van Woerkom,2024-2024,1,1,0,1,1,1,0,0,0,IRE
B White,2023-2023,3,6,4,1,1,0.5,0,0,1,IRE
JE Benjamin,1994-1994,1,1,0,0,0,0,0,0,1,ENG
GM Hamilton,1999-1999,1,2,0,0,0,0,0,0,2,ENG
D Hettiarachchi,2001-2001,1,2,1,0,0,0,0,0,1,SL
AS Jaggernauth,2008-2008,1,2,1,0,0,0,0,0,1,WI
W Madhevere,2021-2021,2,3,0,0,0,0,0,0,3,ZIM
D Madushanka,2023-2023,1,2,1,0,0,0,0,0,1,SL
Mohammad Ali,2022-2022,2,4,2,0,0,0,0,0,2,PAK
Mukesh Kumar,2023-2024,3,4,3,0,0,0,0,0,1,IND
Nadeem Ghauri,1990-1990,1,1,0,0,0,0,0,0,1,PAK
Nahid Rana,2024-2024,1,2,1,0,0,0,0,0,1,BAN
KK Peters,2014-2014,1,1,0,0,0,0,0,0,1,WI
M Prasidh Krishna,2023-2024,2,3,2,0,0,0,0,0,1,IND
LA Roberts,1999-1999,1,1,0,0,0,0,0,0,1,WI
CJ Sayers,2018-2018,1,2,0,0,0,0,0,0,2,AUS
Shahidullah,2021-2021,1,1,0,0,0,0,0,0,1,AFG
G Sharma,1990-1990,1,1,0,0,0,0,0,0,1,IND
R Singh,1999-1999,1,1,0,0,0,0,0,0,1,IND
